Forename,Surname,Email,Postcode,Address,Home Phone Number,Job
Ralph,Bradley,rbradley0@timesonline.co.uk,7520-103,4 Kedzie Alley,351-(663)808-2460,VP Sales
Joshua,Reid,jreid1@hhs.gov,92822 CEDEX,3 Dakota Drive,33-(569)871-3831,Graphic Designer
Nicole,Greene,ngreene2@indiatimes.com,,398 Merchant Pass,62-(677)559-8137,Food Chemist
Gary,Elliott,gelliott3@chronoengine.com,,0176 Stang Plaza,48-(123)175-1014,Registered Nurse
Patrick,Campbell,pcampbell4@sourceforge.net,,76 Troy Avenue,7-(585)900-2484,Community Outreach Specialist
Adam,Perez,aperez5@mashable.com,,4450 Mallard Crossing,86-(567)272-9875,Legal Assistant
Stephanie,Fuller,sfuller6@businesswire.com,,61099 Coolidge Alley,62-(931)549-3958,Professor
Karen,Hunt,khunt7@php.net,38293 CEDEX,8 Del Sol Junction,33-(268)351-7947,Nurse
Ashley,Carroll,acarroll8@google.fr,,0 Welch Parkway,86-(805)422-5125,Community Outreach Specialist
Sharon,Powell,spowell9@google.pl,,6 Mockingbird Pass,48-(198)518-2399,Desktop Support Technician
Irene,Harvey,iharveya@businesswire.com,,0255 Duke Street,62-(641)298-7883,Recruiting Manager
Julie,Mcdonald,jmcdonaldb@sakura.ne.jp,,103 Dexter Place,691-(165)396-5184,Staff Accountant III
Steve,Woods,swoodsc@fc2.com,,82 Bellgrove Plaza,55-(653)811-0501,Accounting Assistant I
Debra,Martinez,dmartinezd@buzzfeed.com,2750-015,467 Autumn Leaf Point,351-(238)936-4282,Research Nurse
Patrick,Gonzales,pgonzalese@cornell.edu,,2502 Pleasure Road,62-(897)500-8565,General Manager
Frank,George,fgeorgef@yellowbook.com,,3 Reinke Point,254-(598)836-0560,Software Engineer II
Ann,Reynolds,areynoldsg@cbsnews.com,,25724 Hermina Road,63-(572)620-3349,Sales Representative
Steven,Snyder,ssnyderh@cam.ac.uk,,0 Westend Street,7-(414)354-1637,Systems Administrator III
Sarah,Miller,smilleri@google.com,,388 Utah Place,30-(273)768-6681,Accountant IV
Dorothy,Harrison,dharrisonj@vkontakte.ru,,65 Carpenter Drive,62-(369)489-3849,Product Engineer
Maria,Moore,mmoorek@sohu.com,,93749 Meadow Vale Way,62-(390)620-4612,Assistant Professor
Diana,Larson,dlarsonl@rediff.com,114 39,4517 Green Court,46-(209)108-5784,Analog Circuit Design manager
Susan,Miller,smillerm@t.co,,5941 Dryden Point,62-(953)261-5891,Internal Auditor
Richard,Sims,rsimsn@omniture.com,,8 Merchant Center,86-(150)317-3832,Tax Accountant
Denise,Webb,dwebbo@histats.com,,78 Anniversary Plaza,504-(836)664-1714,Senior Quality Engineer
Doris,Pierce,dpiercep@flavors.me,,17148 Ludington Plaza,51-(476)838-4495,Structural Analysis Engineer
Steven,Harper,sharperq@washington.edu,,01945 Division Crossing,7-(633)906-1040,Recruiting Manager
Aaron,Ortiz,aortizr@hhs.gov,,627 Morning Drive,98-(791)516-3095,VP Quality Control
Rose,Murray,rmurrays@so-net.ne.jp,,45943 Ilene Plaza,86-(425)506-3614,Business Systems Development Analyst
Harry,Berry,hberryt@jalbum.net,,887 Butterfield Trail,1-(335)961-1376,Director of Sales
Victor,Cunningham,vcunninghamu@paginegialle.it,,52 Waywood Center,30-(610)381-8727,Financial Analyst
Alan,Moore,amoorev@sbwire.com,,93 Mitchell Road,237-(725)100-5087,Sales Associate
Annie,Morris,amorrisw@blogs.com,,846 Sycamore Avenue,92-(214)214-9862,Research Associate
Earl,Baker,ebakerx@home.pl,,7800 Reinke Park,86-(508)175-1946,Developer I
Mark,Young,myoungy@ucoz.ru,,70373 Mockingbird Way,81-(899)421-5027,Engineer IV
Sandra,Johnston,sjohnstonz@multiply.com,,89030 Reinke Circle,86-(524)762-8942,Community Outreach Specialist
Donna,Martin,dmartin10@woothemes.com,,34661 Kennedy Street,62-(729)548-2656,Structural Engineer
Judith,White,jwhite11@xinhuanet.com,,3709 Morrow Road,62-(420)444-9913,Automation Specialist I
Willie,Reyes,wreyes12@posterous.com,,5581 Warrior Hill,505-(920)259-4017,Web Designer II
Helen,Williamson,hwilliamson13@networkadvertising.org,,3 Pearson Avenue,7-(204)962-5354,Senior Editor
Christina,Spencer,cspencer14@booking.com,,86 Sloan Circle,86-(228)932-0626,Product Engineer
Martha,Phillips,mphillips15@twitter.com,,436 East Avenue,63-(380)725-4617,Desktop Support Technician
Daniel,Grant,dgrant16@miibeian.gov.cn,,845 Debra Street,66-(182)999-6837,Electrical Engineer
Carol,Russell,crussell17@usatoday.com,,69 Bluestem Place,48-(318)881-9263,Research Associate
Lawrence,Ray,lray18@xing.com,,494 Michigan Park,55-(759)727-7619,Staff Scientist
Beverly,Wright,bwright19@soundcloud.com,,4 Lakewood Park,55-(103)679-2305,Account Executive
Paula,Perkins,pperkins1a@buzzfeed.com,,130 Glendale Park,216-(949)498-5617,Administrative Assistant I
Robert,Gray,rgray1b@wisc.edu,,02 Weeping Birch Street,850-(745)425-4377,Research Associate
Sara,Hernandez,shernandez1c@wisc.edu,,9722 3rd Drive,7-(870)726-5295,Tax Accountant
Howard,Griffin,hgriffin1d@oaic.gov.au,,604 Colorado Parkway,261-(706)312-8446,Pharmacist
Joan,Harvey,jharvey1e@nyu.edu,,2453 Daystar Park,265-(850)432-5843,Product Engineer
Rebecca,Watson,rwatson1f@cloudflare.com,,906 Dahle Alley,86-(771)989-6398,Cost Accountant
Diane,Montgomery,dmontgomery1g@shutterfly.com,,809 Dennis Alley,358-(303)101-8958,Marketing Manager
Cheryl,Hernandez,chernandez1h@samsung.com,,05 Scott Point,62-(965)529-1102,General Manager
Karen,Moore,kmoore1i@joomla.org,,4 Little Fleur Trail,66-(211)589-2125,Budget/Accounting Analyst IV
Robin,Rose,rrose1j@phoca.cz,,7422 Anniversary Place,62-(268)860-1023,Structural Engineer
Emily,Sims,esims1k@issuu.com,,51 Carpenter Avenue,359-(837)651-8526,Operator
Paula,Mccoy,pmccoy1l@yahoo.com,,9751 Loeprich Lane,62-(948)173-7980,Operator
Amanda,Webb,awebb1m@comcast.net,94475,4271 Alpine Hill,52-(726)796-7026,Payment Adjustment Coordinator
Anna,Cole,acole1n@mayoclinic.com,,58929 Dwight Lane,66-(666)354-1492,Professor
Patricia,Dean,pdean1o@ezinearticles.com,,42475 Nova Trail,57-(785)794-4845,Business Systems Development Analyst
Jeremy,Campbell,jcampbell1p@ifeng.com,,587 Summerview Lane,48-(674)424-8293,Operator
Brandon,Stone,bstone1q@chronoengine.com,,532 Nova Trail,380-(913)692-7663,Analyst Programmer
Kelly,Hawkins,khawkins1r@feedburner.com,,53521 Boyd Trail,371-(964)560-2753,Research Associate
Cynthia,Barnes,cbarnes1s@washingtonpost.com,32204,07 Messerschmidt Alley,1-(904)602-0043,Programmer Analyst III
Joan,Welch,jwelch1t@miitbeian.gov.cn,WF9,29 Northport Terrace,44-(917)935-0309,Business Systems Development Analyst
Frank,Howard,fhoward1u@wordpress.org,2685-314,2 Montana Point,351-(553)437-3811,Operator
Christine,Murphy,cmurphy1v@flickr.com,,9031 Hermina Circle,7-(732)352-0823,Assistant Professor
Cynthia,Peterson,cpeterson1w@gov.uk,,840 Brentwood Point,84-(541)994-3351,VP Accounting
Jerry,Stanley,jstanley1x@godaddy.com,721 85,81 Union Circle,46-(213)773-8825,Accountant IV
Carol,Morales,cmorales1y@barnesandnoble.com,,40 Myrtle Way,86-(956)995-1013,Administrative Officer
Sarah,Bradley,sbradley1z@a8.net,,5 Westridge Circle,254-(690)985-1270,Automation Specialist I
Sharon,Baker,sbaker20@dailymail.co.uk,,0 Stone Corner Junction,51-(285)425-4473,Legal Assistant
Walter,Brown,wbrown21@cyberchimps.com,,54871 Linden Hill,420-(947)424-4934,Structural Analysis Engineer
Frank,Weaver,fweaver22@theatlantic.com,,958 Sullivan Junction,81-(902)195-6026,Statistician IV
Kathleen,Patterson,kpatterson23@theatlantic.com,21290,4 Pleasure Court,1-(410)103-2866,Associate Professor
Martin,Harper,mharper24@yahoo.co.jp,,1 Charing Cross Center,63-(907)800-6669,Dental Hygienist
John,Wallace,jwallace25@canalblog.com,,13 Fairfield Avenue,63-(229)570-9785,Help Desk Technician
Gregory,Martinez,gmartinez26@sogou.com,,343 6th Hill,55-(276)240-9764,Software Consultant
Albert,Gilbert,agilbert27@sun.com,,295 Spohn Road,81-(419)158-9477,Recruiting Manager
Fred,Nichols,fnichols28@mac.com,,2122 Dunning Terrace,92-(377)926-6044,VP Product Management
Brenda,White,bwhite29@oracle.com,,8 Eastwood Terrace,505-(281)190-0921,Internal Auditor
Pamela,Hamilton,phamilton2a@hubpages.com,,80598 Cascade Plaza,92-(739)139-2796,Social Worker
Cheryl,Cooper,ccooper2b@ycombinator.com,,90 Schlimgen Center,352-(539)143-9340,Sales Representative
Sarah,Austin,saustin2c@plala.or.jp,,5 Lakeland Road,86-(405)830-1583,Software Consultant
Donald,Nguyen,dnguyen2d@shutterfly.com,,4 Independence Lane,86-(354)772-0463,Librarian
Ashley,Barnes,abarnes2e@si.edu,,22252 Erie Junction,63-(223)414-7565,Speech Pathologist
Matthew,Peterson,mpeterson2f@tumblr.com,,4307 Spaight Point,86-(523)117-3592,Compensation Analyst
Joshua,Hudson,jhudson2g@accuweather.com,,408 Monterey Court,48-(138)819-7923,Senior Quality Engineer
Bruce,Morgan,bmorgan2h@ox.ac.uk,,4266 Spaight Road,62-(898)461-0348,Human Resources Manager
Katherine,Kelley,kkelley2i@wsj.com,,04959 Porter Road,55-(680)917-3817,Database Administrator II
John,Butler,jbutler2j@ow.ly,,8976 Dixon Center,86-(722)278-2178,Administrative Assistant IV
Kathleen,Cunningham,kcunningham2k@cafepress.com,,2548 Veith Lane,380-(407)233-9615,Senior Quality Engineer
Gloria,Wallace,gwallace2l@github.com,,454 Susan Drive,54-(489)487-8541,Programmer II
Anthony,Howell,ahowell2m@si.edu,,18756 Armistice Street,86-(414)831-1644,VP Sales
Sarah,Foster,sfoster2n@gmpg.org,,38718 Hovde Drive,86-(127)493-5239,Financial Analyst
Martha,Ferguson,mferguson2o@eepurl.com,,33784 Huxley Road,972-(953)815-2246,Staff Scientist
Catherine,Spencer,cspencer2p@yelp.com,,44378 Eagle Crest Way,7-(786)756-2352,Food Chemist
Jonathan,Robinson,jrobinson2q@behance.net,,7521 Bunting Hill,86-(118)529-7535,Payment Adjustment Coordinator
Phyllis,Rogers,progers2r@npr.org,3840-272,195 Burning Wood Crossing,351-(474)880-5966,Associate Professor
Linda,Lee,llee2s@seattletimes.com,,0 Glacier Hill Center,420-(321)470-8146,Senior Cost Accountant
Clarence,Brown,cbrown2t@slideshare.net,,14 Red Cloud Hill,381-(724)454-6339,Occupational Therapist
Jonathan,Hunt,jhunt2u@constantcontact.com,2530-407,267 4th Point,351-(926)411-0051,Internal Auditor
Cheryl,Black,cblack2v@oaic.gov.au,,1144 Moose Road,86-(771)762-1284,Human Resources Assistant II
Willie,Wagner,wwagner2w@accuweather.com,,9922 Emmet Court,51-(503)348-3606,Help Desk Technician
Christina,Burns,cburns2x@biblegateway.com,,93869 Sycamore Way,86-(704)153-2569,VP Accounting
Theresa,Watson,twatson2y@twitpic.com,,5546 Carpenter Parkway,63-(684)471-3874,Automation Specialist II
Steve,Sims,ssims2z@lulu.com,,32829 Nobel Terrace,86-(351)148-3744,Cost Accountant
Ann,Willis,awillis30@tumblr.com,,3907 Mayer Point,86-(868)956-5981,Social Worker
Roger,James,rjames31@cmu.edu,,79 Annamark Trail,48-(882)356-6205,Environmental Tech
Deborah,Shaw,dshaw32@wikimedia.org,,56 Bay Parkway,62-(524)402-4486,Marketing Manager
Wanda,Gonzalez,wgonzalez33@123-reg.co.uk,,6 Shopko Plaza,263-(517)311-3690,Graphic Designer
Theresa,Little,tlittle34@ftc.gov,,03338 Montana Terrace,86-(113)132-5457,Office Assistant II
Lawrence,Green,lgreen35@miibeian.gov.cn,,4 Mayer Avenue,976-(582)103-5634,VP Quality Control
Carl,Parker,cparker36@drupal.org,412 79,08494 Schiller Center,46-(394)789-8494,Cost Accountant
Douglas,Gilbert,dgilbert37@topsy.com,,90325 Westridge Avenue,54-(707)290-5298,Junior Executive
Julie,Martin,jmartin38@list-manage.com,,28942 Ludington Hill,57-(828)666-9830,Account Coordinator
Wayne,Hansen,whansen39@pbs.org,,69922 Veith Street,63-(644)861-3580,Accounting Assistant II
Virginia,Young,vyoung3a@rediff.com,84104 CEDEX,32 Golf View Pass,33-(819)607-2419,GIS Technical Architect
Nicole,Porter,nporter3b@wisc.edu,,428 Maryland Center,255-(212)444-4077,Clinical Specialist
Todd,Kennedy,tkennedy3c@drupal.org,,8 Memorial Parkway,86-(969)223-7558,Librarian
Marilyn,Larson,mlarson3d@sciencedaily.com,13779 CEDEX,967 Buena Vista Center,33-(713)931-2600,Graphic Designer
Anna,Patterson,apatterson3e@soundcloud.com,62036 CEDEX,9 Melvin Plaza,33-(572)915-8524,Compensation Analyst
Alice,Ray,aray3f@europa.eu,,6543 Macpherson Hill,86-(266)693-0805,Cost Accountant
Ann,Frazier,afrazier3g@washington.edu,,11 Ilene Lane,86-(146)338-3131,Marketing Manager
Bobby,Mason,bmason3h@paginegialle.it,,400 Talisman Plaza,48-(303)599-0665,Business Systems Development Analyst
Craig,Howard,choward3i@trellian.com,,03 Steensland Trail,420-(570)272-5900,Administrative Assistant III
Terry,James,tjames3j@typepad.com,,50 Crest Line Drive,55-(954)789-1063,Senior Developer
Virginia,Cox,vcox3k@dyndns.org,,061 Golden Leaf Parkway,967-(798)634-3623,Systems Administrator III
Justin,Tucker,jtucker3l@hud.gov,,12183 Bayside Plaza,420-(793)805-9540,Programmer I
William,Flores,wflores3m@whitehouse.gov,,94 Westport Way,996-(430)759-5092,Food Chemist
Craig,Sims,csims3n@yale.edu,,0159 Blackbird Terrace,7-(161)836-3666,Senior Editor
Sandra,Kelley,skelley3o@fotki.com,,01 Vera Court,420-(974)376-5768,Editor
Cheryl,Anderson,canderson3p@goo.gl,,55239 Acker Parkway,51-(867)130-2431,Nurse Practicioner
Douglas,Lewis,dlewis3q@irs.gov,,0 Karstens Alley,86-(773)105-4091,Legal Assistant
Joshua,Martinez,jmartinez3r@youku.com,,2203 Melby Hill,63-(403)555-5903,Sales Associate
Tammy,Coleman,tcoleman3s@nhs.uk,6090-608,970 Arapahoe Junction,351-(827)149-1151,Senior Cost Accountant
Eric,Cunningham,ecunningham3t@bloglovin.com,,415 Shelley Alley,86-(676)467-1923,Programmer I
Keith,Garrett,kgarrett3u@phoca.cz,,67621 Eagan Lane,62-(325)787-1067,Quality Control Specialist
Robin,Grant,rgrant3v@freewebs.com,45310,0481 Green Ridge Way,52-(725)606-9953,Director of Sales
Jennifer,Andrews,jandrews3w@sogou.com,,7 Knutson Pass,7-(222)420-4656,Sales Associate
Ann,Jackson,ajackson3x@godaddy.com,,4 Crownhardt Terrace,62-(269)944-8263,Electrical Engineer
Brian,Crawford,bcrawford3y@zimbio.com,,03 Bunting Plaza,880-(426)690-5688,VP Product Management
Dorothy,Freeman,dfreeman3z@bbb.org,,4380 Blue Bill Park Pass,51-(728)120-0094,Staff Accountant I
Gloria,Bryant,gbryant40@bandcamp.com,,7 West Crossing,966-(652)918-8090,Senior Developer
Aaron,Kelly,akelly41@reuters.com,,071 Debs Drive,356-(441)753-3979,Structural Engineer
Arthur,Price,aprice42@bravesites.com,,525 Fisk Center,7-(629)144-8434,Human Resources Manager
Kevin,Duncan,kduncan43@e-recht24.de,2985-006,28506 Grayhawk Avenue,351-(922)958-7144,Web Designer II
Roy,Elliott,relliott44@xing.com,,87 Magdeline Center,509-(169)944-3182,Media Manager III
Antonio,Alexander,aalexander45@google.it,,5761 Debs Court,86-(825)758-5680,Assistant Media Planner
Mary,Austin,maustin46@theglobeandmail.com,,7612 Maple Wood Drive,62-(602)183-1430,Geologist II
Donald,Freeman,dfreeman47@xinhuanet.com,,229 Sherman Court,86-(139)164-3915,Internal Auditor
Nicole,Garrett,ngarrett48@istockphoto.com,,0 Wayridge Avenue,255-(676)960-7303,Nuclear Power Engineer
Jose,Ramos,jramos49@youtu.be,,6 Kim Center,62-(994)764-4342,Account Coordinator
Gloria,Young,gyoung4a@cisco.com,,10 Vidon Place,86-(930)337-3740,Civil Engineer
Diane,Boyd,dboyd4b@ovh.net,,608 West Parkway,54-(279)184-5276,Help Desk Technician
Jean,Stone,jstone4c@theglobeandmail.com,,24 Mendota Park,86-(111)303-9826,Financial Advisor
Jean,Johnston,jjohnston4d@craigslist.org,,12 Blackbird Terrace,86-(165)876-0320,GIS Technical Architect
Henry,Wagner,hwagner4e@fema.gov,,062 Arrowood Point,962-(952)794-6870,Project Manager
Juan,Hill,jhill4f@wired.com,,3986 Michigan Street,233-(907)923-5174,Assistant Professor
Gerald,Crawford,gcrawford4g@tamu.edu,,5070 Havey Street,86-(811)155-5831,Paralegal
Billy,Garza,bgarza4h@cam.ac.uk,,5789 Bay Junction,93-(808)396-9910,Marketing Manager
Raymond,Moore,rmoore4i@fc2.com,,0 Ludington Drive,7-(391)609-2854,Research Nurse
Albert,Graham,agraham4j@tripadvisor.com,,5 Elka Road,62-(917)777-9890,Recruiting Manager
Beverly,Russell,brussell4k@squarespace.com,,050 Towne Trail,389-(796)905-4811,Chief Design Engineer
Justin,Howard,jhoward4l@ftc.gov,3620-132,145 Petterle Parkway,351-(191)630-0936,Registered Nurse
John,Jones,jjones4m@chronoengine.com,,7 Luster Avenue,86-(146)174-8883,Financial Analyst
Louis,Wallace,lwallace4n@1und1.de,,58377 Bellgrove Crossing,63-(282)676-9760,Director of Sales
Patricia,Cook,pcook4o@usatoday.com,,01575 Stoughton Avenue,216-(330)178-7315,Geologist IV
Ruth,Griffin,rgriffin4p@state.tx.us,,226 Veith Avenue,1-(422)938-8147,Graphic Designer
George,Watkins,gwatkins4q@webnode.com,,0649 Heath Point,212-(968)403-6408,Web Designer II
Harry,Wood,hwood4r@liveinternet.ru,,50 Harbort Pass,62-(324)430-7659,Chemical Engineer
Wayne,Allen,wallen4s@github.io,,0434 Bowman Junction,86-(718)699-5859,General Manager
Joyce,Russell,jrussell4t@census.gov,,2 Westerfield Alley,380-(235)669-7799,VP Product Management
Janice,Hernandez,jhernandez4u@wix.com,,8184 Elka Pass,55-(663)265-7490,Senior Cost Accountant
Jane,Garrett,jgarrett4v@g.co,,9642 Miller Hill,86-(419)827-8122,Systems Administrator III
Nicholas,Henry,nhenry4w@woothemes.com,,20669 Debs Trail,48-(998)461-1545,Registered Nurse
Ruth,Hanson,rhanson4x@dedecms.com,,4 Waywood Plaza,86-(210)883-6059,Software Engineer I
Norma,Bell,nbell4y@tuttocitta.it,,521 Sunfield Way,353-(836)336-8315,Desktop Support Technician
William,Garrett,wgarrett4z@gizmodo.com,,4 Pine View Hill,63-(900)254-7176,Financial Analyst
John,Griffin,jgriffin50@g.co,,19 Ludington Center,55-(277)690-0749,Sales Associate
Brandon,Sanders,bsanders51@cloudflare.com,,6593 Buhler Circle,389-(477)643-6156,Community Outreach Specialist
Johnny,Barnes,jbarnes52@amazonaws.com,,8324 Shasta Circle,55-(533)171-4312,Product Engineer
Robert,Ellis,rellis53@techcrunch.com,,727 Canary Circle,7-(377)737-1922,Administrative Officer
Margaret,Berry,mberry54@youtube.com,1049,6 Knutson Parkway,31-(798)899-0809,Professor
Annie,Grant,agrant55@slideshare.net,,695 Westerfield Court,81-(462)426-7646,Senior Financial Analyst
Cheryl,Lane,clane56@chicagotribune.com,,964 Dottie Avenue,420-(580)980-6821,Structural Analysis Engineer
Brenda,Dean,bdean57@disqus.com,,373 Burrows Circle,62-(610)828-6206,Professor
Tina,Morales,tmorales58@addthis.com,,1 Logan Point,86-(692)979-6051,Internal Auditor
Joan,Wilson,jwilson59@bloglines.com,,41 Hudson Lane,62-(785)212-4602,Nuclear Power Engineer
Peter,Thompson,pthompson5a@sbwire.com,,8218 Hoard Junction,7-(301)838-8018,Software Test Engineer II
Michael,Bradley,mbradley5b@irs.gov,,789 Sherman Point,86-(344)294-9800,Financial Analyst
Jonathan,Stevens,jstevens5c@sciencedirect.com,,28 Vernon Pass,509-(978)165-0404,Analyst Programmer
Theresa,Williamson,twilliamson5d@xinhuanet.com,79705,80856 Jackson Center,1-(432)412-2499,Environmental Specialist
Matthew,Ford,mford5e@wix.com,,6 Swallow Pass,235-(173)937-8659,Associate Professor
Debra,Kim,dkim5f@boston.com,,86 Harbort Trail,86-(120)329-1477,Teacher
Kathy,Green,kgreen5g@sina.com.cn,,16232 Eagan Crossing,385-(542)626-1018,Account Representative III
Russell,Bradley,rbradley5h@tiny.cc,,344 Moulton Place,63-(768)501-7448,Compensation Analyst
David,Henry,dhenry5i@cafepress.com,,5056 Troy Center,63-(321)821-4983,Director of Sales
Robert,Elliott,relliott5j@wordpress.com,,8113 Larry Hill,84-(683)439-6503,Human Resources Assistant I
Terry,Williams,twilliams5k@lycos.com,,9193 Manley Circle,380-(422)542-4144,Professor
Frances,Mason,fmason5l@google.co.uk,,51896 Annamark Alley,82-(432)898-3990,Technical Writer
Sean,Carr,scarr5m@nps.gov,,316 Westend Park,221-(886)742-7080,Software Consultant
Jeffrey,Chavez,jchavez5n@statcounter.com,,0 Dakota Parkway,86-(566)290-7647,Database Administrator I
Pamela,Johnston,pjohnston5o@wisc.edu,,96859 Warner Crossing,55-(216)443-6304,Social Worker
Randy,Warren,rwarren5p@infoseek.co.jp,,142 Canary Park,7-(492)142-7712,Statistician III
Gerald,Butler,gbutler5q@paypal.com,,9382 Sunfield Plaza,48-(140)113-7529,Social Worker
Nicholas,Daniels,ndaniels5r@who.int,39004 CEDEX,9 Oakridge Trail,33-(118)453-9661,Quality Engineer
Christine,Wheeler,cwheeler5s@icio.us,,0356 Melby Hill,687-(597)951-0331,Health Coach II
Mildred,Lynch,mlynch5t@prnewswire.com,,29643 Forest Dale Park,86-(936)987-5767,Librarian
Phyllis,Ramirez,pramirez5u@newyorker.com,,58418 Mcbride Crossing,48-(713)744-1049,Nurse
Susan,Kim,skim5v@sina.com.cn,,8 Upham Drive,86-(446)609-5492,VP Accounting
Kevin,Reynolds,kreynolds5w@joomla.org,,697 Cody Parkway,591-(494)426-6438,Desktop Support Technician
Howard,Diaz,hdiaz5x@nsw.gov.au,,3 Helena Way,7-(283)245-8447,Systems Administrator IV
Patrick,Spencer,pspencer5y@weibo.com,,70794 Talmadge Court,996-(851)880-0044,Social Worker
Julia,Castillo,jcastillo5z@flavors.me,,225 Elka Crossing,269-(953)809-8646,Electrical Engineer
Willie,Reyes,wreyes60@usa.gov,,13 Daystar Hill,1-(111)512-5973,Database Administrator IV
Louise,Sanchez,lsanchez61@netvibes.com,2705-215,9644 Nevada Circle,351-(660)916-2790,Office Assistant III
Randy,Williamson,rwilliamson62@artisteer.com,68264 CEDEX,58669 Northview Plaza,33-(356)403-5463,Nurse
Alice,Lane,alane63@wikipedia.org,,415 Elka Hill,225-(140)872-8245,Web Developer IV
Kathy,Jackson,kjackson64@tmall.com,,4798 Schmedeman Drive,63-(764)255-1945,General Manager
Arthur,Schmidt,aschmidt65@virginia.edu,,762 Express Point,234-(953)375-2289,Recruiting Manager
Rachel,Flores,rflores66@noaa.gov,,1947 6th Street,84-(879)867-3452,Teacher
Jose,Hawkins,jhawkins67@dion.ne.jp,,1848 High Crossing Circle,86-(100)947-8502,Account Representative IV
Brian,Wallace,bwallace68@icio.us,,2 Melrose Hill,359-(187)976-6928,Clinical Specialist
Bonnie,Kelly,bkelly69@amazon.com,,687 Nevada Crossing,7-(343)636-8585,Nuclear Power Engineer
Jacqueline,Bradley,jbradley6a@acquirethisname.com,,1 Clemons Terrace,86-(568)710-6033,Physical Therapy Assistant
Carol,Lopez,clopez6b@blogger.com,,6 Carberry Trail,7-(299)864-9457,Project Manager
Harold,Burns,hburns6c@newsvine.com,,72 Nancy Terrace,81-(479)274-1697,VP Quality Control
Kelly,Gray,kgray6d@studiopress.com,,5162 Troy Alley,86-(498)744-2971,Senior Financial Analyst
Randy,Richardson,rrichardson6e@cornell.edu,,8 Ridgeview Circle,7-(197)964-5869,VP Product Management
Donald,Wells,dwells6f@domainmarket.com,76110,517 Amoth Circle,1-(682)231-3663,Nurse Practicioner
Beverly,Hawkins,bhawkins6g@independent.co.uk,,3 Vermont Avenue,86-(299)122-0117,Associate Professor
Sandra,Young,syoung6h@meetup.com,,07 Holmberg Park,380-(126)514-0462,Community Outreach Specialist
Anne,Sullivan,asullivan6i@techcrunch.com,,4453 Grover Pass,967-(738)110-5981,Chemical Engineer
Shawn,Stanley,sstanley6j@desdev.cn,5400-339,8650 Debs Court,351-(625)349-8053,Analyst Programmer
Bobby,Stephens,bstephens6k@economist.com,,7 Stang Park,503-(255)680-2567,Nurse Practicioner
Christina,Stephens,cstephens6l@skyrock.com,,44313 Morrow Way,57-(539)401-0527,Occupational Therapist
Steve,Dixon,sdixon6m@imgur.com,,644 Glacier Hill Road,385-(216)612-3095,Nurse Practicioner
Roger,Powell,rpowell6n@bandcamp.com,,76 Stang Way,381-(773)726-6179,Associate Professor
Wayne,Hart,whart6o@msn.com,,7307 Holy Cross Alley,30-(332)573-1047,Assistant Professor
Jack,Butler,jbutler6p@ezinearticles.com,,77 Evergreen Way,86-(840)980-9859,Clinical Specialist
Judith,Day,jday6q@geocities.com,,76446 Nobel Center,234-(366)804-8716,Business Systems Development Analyst
Angela,Gonzalez,agonzalez6r@qq.com,,36066 Miller Avenue,963-(471)479-4102,Executive Secretary
Juan,Bennett,jbennett6s@blog.com,,1 Kropf Hill,92-(840)863-3391,VP Sales
Marie,Lynch,mlynch6t@thetimes.co.uk,,082 Messerschmidt Street,86-(713)908-0981,Administrative Officer
Randy,Payne,rpayne6u@slate.com,,4282 Sachs Crossing,62-(530)498-6526,Information Systems Manager
Carol,Hudson,chudson6v@imgur.com,,5 Gulseth Junction,57-(214)662-1744,Systems Administrator II
George,Spencer,gspencer6w@berkeley.edu,,65 Parkside Center,86-(729)418-7978,Research Assistant III
Joan,Cox,jcox6x@nps.gov,,256 Ohio Center,81-(862)902-4075,Graphic Designer
Kathy,Phillips,kphillips6y@cnet.com,,4900 Texas Way,356-(627)964-7011,Quality Control Specialist
Tina,Fuller,tfuller6z@gov.uk,,4 Westend Street,230-(718)263-7111,Paralegal
Peter,Johnson,pjohnson70@comsenz.com,,63653 Goodland Avenue,86-(853)271-1618,Marketing Assistant
Cynthia,King,cking71@weebly.com,52105,603 Crowley Hill,52-(179)788-3162,Analyst Programmer
Norma,Jones,njones72@time.com,,6904 Gale Plaza,55-(966)528-3019,Graphic Designer
Fred,Taylor,ftaylor73@reference.com,,9574 Swallow Crossing,86-(973)116-9200,Product Engineer
Robert,Perry,rperry74@tiny.cc,,0 Charing Cross Circle,222-(679)129-3249,Mechanical Systems Engineer
Barbara,King,bking75@google.co.jp,,48 Randy Crossing,55-(363)311-8203,Administrative Assistant II
Frances,Chapman,fchapman76@bigcartel.com,19610,5 Dahle Circle,1-(484)527-4166,Physical Therapy Assistant
Maria,King,mking77@ft.com,,6 Prentice Lane,62-(362)394-1585,Nuclear Power Engineer
Cheryl,Lopez,clopez78@cnn.com,,9496 Moland Junction,54-(436)637-0570,Dental Hygienist
Gregory,Oliver,goliver79@state.gov,,97768 Bobwhite Way,62-(878)186-7453,Staff Accountant I
Victor,Richardson,vrichardson7a@stumbleupon.com,,97 Lien Trail,235-(911)274-5302,Desktop Support Technician
Wanda,Thomas,wthomas7b@dyndns.org,,64 Daystar Center,381-(266)931-4393,Engineer III
Terry,Schmidt,tschmidt7c@comsenz.com,,683 Buell Lane,86-(854)880-9092,Teacher
Jack,Washington,jwashington7d@feedburner.com,,1870 Dunning Parkway,86-(257)737-2643,Technical Writer
Gregory,Murphy,gmurphy7e@ucsd.edu,,9 Lukken Trail,86-(929)159-7791,Sales Associate
Joshua,Jones,jjones7f@hexun.com,,090 Eagle Crest Way,53-(538)183-6366,Assistant Professor
John,Johnston,jjohnston7g@ifeng.com,,559 Arkansas Court,55-(896)419-6169,Software Consultant
Brandon,Harvey,bharvey7h@nhs.uk,,44588 Main Point,1-(530)927-4291,Operator
Irene,Black,iblack7i@wix.com,,876 Northfield Center,86-(778)825-7366,Automation Specialist I
Tina,Mitchell,tmitchell7j@npr.org,,6400 Harbort Place,57-(344)720-5156,Senior Financial Analyst
Ronald,Garcia,rgarcia7k@dedecms.com,75949 CEDEX 19,26883 Pine View Circle,33-(627)266-1350,Compensation Analyst
Joshua,Miller,jmiller7l@barnesandnoble.com,,34294 Crest Line Road,86-(675)516-2599,VP Marketing
Angela,Wood,awood7m@un.org,,670 Montana Circle,81-(155)820-7983,Help Desk Technician
Martin,Ray,mray7n@chron.com,,3 Red Cloud Park,504-(681)807-1165,Product Engineer
Christopher,Nelson,cnelson7o@t.co,,7 Welch Pass,57-(964)711-6967,Developer IV
Lori,Lopez,llopez7p@instagram.com,,71 Kenwood Point,267-(756)308-9508,Help Desk Technician
Jerry,Cunningham,jcunningham7q@auda.org.au,,66060 Saint Paul Way,86-(219)599-2520,Software Consultant
Terry,Lopez,tlopez7r@opera.com,,19 Dryden Alley,86-(275)566-2111,Research Assistant I
Patrick,Torres,ptorres7s@jalbum.net,,2 South Street,81-(628)710-5133,Developer III
David,Jackson,djackson7t@networksolutions.com,,1190 Grim Center,86-(430)278-9841,Accountant III
Kelly,Simpson,ksimpson7u@wiley.com,,45 Comanche Road,55-(460)997-3360,Senior Developer
Tina,Thompson,tthompson7v@cyberchimps.com,,79649 Kropf Way,420-(555)520-4482,Assistant Professor
Teresa,Ward,tward7w@census.gov,,38 American Ash Avenue,57-(549)312-8070,Internal Auditor
Sharon,Collins,scollins7x@github.io,7440,0 Kingsford Road,47-(781)595-2461,Software Test Engineer II
Ruby,Barnes,rbarnes7y@yale.edu,,79151 Portage Way,420-(699)137-0777,Research Nurse
Jimmy,Wheeler,jwheeler7z@woothemes.com,,87978 Farwell Avenue,63-(115)666-4392,Software Consultant
Brian,Rivera,brivera80@biglobe.ne.jp,,39 Pleasure Drive,7-(886)210-1329,Legal Assistant
Patricia,Taylor,ptaylor81@mtv.com,,90893 Lukken Drive,385-(335)884-5138,Physical Therapy Assistant
Mary,Ruiz,mruiz82@github.io,,2690 South Terrace,48-(612)877-4351,Speech Pathologist
James,Spencer,jspencer83@flavors.me,,154 Birchwood Point,63-(459)828-3247,Internal Auditor
Nicholas,Walker,nwalker84@ox.ac.uk,,559 Superior Junction,252-(122)451-2863,VP Quality Control
Christina,Howard,choward85@answers.com,,4 Springview Drive,86-(304)435-1324,Environmental Tech
Michael,Collins,mcollins86@scientificamerican.com,,9 Shopko Junction,383-(667)250-7850,Accountant IV
Rachel,Fernandez,rfernandez87@linkedin.com,,69055 Dexter Parkway,7-(948)391-9616,Teacher
Samuel,King,sking88@examiner.com,,03531 Warner Way,1-(694)822-8729,Graphic Designer
Jean,Holmes,jholmes89@reverbnation.com,,60 Mesta Crossing,86-(800)183-1562,Paralegal
Keith,Larson,klarson8a@foxnews.com,,5 Myrtle Park,291-(963)166-9108,Assistant Professor
Kelly,Garrett,kgarrett8b@ameblo.jp,,41528 Manley Way,48-(633)779-7994,Teacher
William,Day,wday8c@latimes.com,,971 Blackbird Park,95-(360)745-1081,Senior Financial Analyst
Joyce,Montgomery,jmontgomery8d@illinois.edu,,52 Killdeer Circle,7-(739)691-6185,VP Product Management
Victor,Price,vprice8e@hexun.com,,72 Waxwing Drive,420-(208)610-5464,Automation Specialist III
Jessica,Jacobs,jjacobs8f@vk.com,,8981 Moulton Lane,1-(549)994-0248,Staff Scientist
Juan,Fowler,jfowler8g@latimes.com,,542 Hagan Parkway,7-(958)170-0624,Director of Sales
Christine,Flores,cflores8h@miibeian.gov.cn,,61240 Thackeray Place,970-(913)885-3440,Physical Therapy Assistant
Kevin,Howell,khowell8i@abc.net.au,,09 Golf Course Trail,86-(295)338-5110,Computer Systems Analyst IV
Earl,Warren,ewarren8j@123-reg.co.uk,,7 Banding Hill,48-(167)659-7266,GIS Technical Architect
Gregory,Roberts,groberts8k@uol.com.br,,8 Graceland Trail,54-(865)199-5728,VP Marketing
Harry,Hanson,hhanson8l@java.com,,3283 Stang Center,256-(455)625-3248,Community Outreach Specialist
Andrew,Little,alittle8m@unc.edu,100 73,7495 Knutson Hill,46-(931)854-0696,Design Engineer
Bobby,Bell,bbell8n@dailymail.co.uk,,2 Moulton Park,86-(124)873-6871,Administrative Assistant I
Alan,Spencer,aspencer8o@squidoo.com,,563 Lindbergh Street,63-(239)110-4386,Accounting Assistant III
Annie,Gutierrez,agutierrez8p@simplemachines.org,,615 Blue Bill Park Crossing,20-(373)692-9942,Computer Systems Analyst II
Adam,Anderson,aanderson8q@is.gd,,53 Schurz Plaza,385-(391)514-9598,Junior Executive
Thomas,Kelly,tkelly8r@shinystat.com,,3 Saint Paul Parkway,86-(381)128-4400,Director of Sales
Susan,Knight,sknight8s@t-online.de,,3 Dwight Crossing,92-(192)916-1585,Human Resources Manager
Victor,Webb,vwebb8t@npr.org,75171 CEDEX 19,04311 Brickson Park Lane,33-(635)761-6138,Human Resources Assistant I
Jane,West,jwest8u@epa.gov,,3280 Division Street,86-(363)135-5329,Editor
Norma,Sanders,nsanders8v@bigcartel.com,,8267 Melby Terrace,66-(845)284-9759,Assistant Manager
Arthur,Lopez,alopez8w@dmoz.org,,08280 Schmedeman Court,86-(370)440-6300,Web Designer IV
Dorothy,Owens,dowens8x@cam.ac.uk,,358 Vahlen Pass,55-(337)915-1825,Engineer IV
Ryan,Shaw,rshaw8y@mapy.cz,,32968 Arkansas Junction,86-(142)504-8142,Paralegal
Anthony,Jones,ajones8z@umich.edu,,1570 Anthes Avenue,86-(918)144-3071,VP Sales
Brenda,Duncan,bduncan90@shutterfly.com,,4960 Lawn Circle,353-(595)581-6596,Assistant Media Planner
Harold,Reed,hreed91@google.es,,29364 Division Center,420-(961)400-9713,Compensation Analyst
Michelle,Medina,mmedina92@aboutads.info,,9 Menomonie Drive,86-(781)375-8579,Senior Editor
Amy,Wagner,awagner93@jalbum.net,,426 Corben Junction,420-(959)227-2229,Administrative Officer
Norma,Moreno,nmoreno94@wufoo.com,,949 John Wall Alley,86-(242)803-1021,VP Product Management
Larry,Kennedy,lkennedy95@bandcamp.com,,4 Marquette Terrace,62-(286)265-8031,Engineer IV
Lori,Arnold,larnold96@dion.ne.jp,33680,038 Logan Lane,1-(813)252-7351,Civil Engineer
Paula,Long,plong97@nba.com,,62 Grasskamp Place,216-(785)384-3123,Accountant I
Brian,Gonzales,bgonzales98@behance.net,,100 Sutteridge Road,234-(764)469-7983,Account Executive
Bruce,Murray,bmurray99@simplemachines.org,,4818 Bashford Alley,48-(765)134-1240,Geologist III
Sandra,Hayes,shayes9a@bloomberg.com,,14 West Court,86-(724)188-8729,Chief Design Engineer
Robin,Mcdonald,rmcdonald9b@home.pl,,5051 Goodland Court,63-(156)775-1673,Biostatistician III
Raymond,Freeman,rfreeman9c@army.mil,,6 Tennyson Court,86-(342)885-8260,Safety Technician II
Janice,Robinson,jrobinson9d@plala.or.jp,,90 Duke Road,81-(126)724-3129,Software Consultant
Christine,Smith,csmith9e@kickstarter.com,,415 Warrior Lane,420-(992)657-6926,Staff Scientist
Edward,Gomez,egomez9f@sciencedaily.com,,526 Judy Avenue,221-(249)750-2405,Account Executive
Lori,Johnson,ljohnson9g@toplist.cz,,8 Leroy Park,675-(619)574-9216,Financial Analyst
Clarence,Jenkins,cjenkins9h@microsoft.com,,28491 Victoria Terrace,30-(716)984-4629,Occupational Therapist
Victor,Ortiz,vortiz9i@liveinternet.ru,,0 Hansons Street,254-(148)738-5664,Budget/Accounting Analyst III
Doris,Sanchez,dsanchez9j@abc.net.au,,9 Pine View Center,86-(463)562-3892,Environmental Specialist
Helen,Hicks,hhicks9k@ezinearticles.com,87930 CEDEX 9,331 Duke Avenue,33-(876)928-2119,Help Desk Operator
Susan,Freeman,sfreeman9l@amazon.co.uk,,2424 Kings Street,62-(935)504-2983,Human Resources Assistant IV
Steven,Hudson,shudson9m@joomla.org,,938 Westridge Crossing,48-(775)212-7290,Biostatistician III
Kathleen,Kelly,kkelly9n@arizona.edu,,74 Hudson Crossing,996-(519)668-4473,Office Assistant II
Donald,Riley,driley9o@pagesperso-orange.fr,,205 Starling Way,1-(332)505-1786,Nuclear Power Engineer
Jacqueline,Daniels,jdaniels9p@paginegialle.it,7005-676,48 Independence Parkway,351-(921)479-6229,Internal Auditor
Arthur,Olson,aolson9q@alexa.com,,820 Dottie Park,62-(146)886-9656,Information Systems Manager
Antonio,Edwards,aedwards9r@dagondesign.com,,9969 Schmedeman Point,256-(487)146-7898,Assistant Manager
Steven,Mason,smason9s@businessweek.com,,1 Tomscot Hill,386-(147)120-0673,Software Engineer I
Peter,Porter,pporter9t@nba.com,,5 6th Center,48-(403)501-1143,Chief Design Engineer
Jerry,Hansen,jhansen9u@timesonline.co.uk,,4 Sage Road,57-(758)410-6274,Web Designer I
Mary,Jones,mjones9v@mapy.cz,,119 Bartillon Drive,84-(696)258-1245,Geologist III
Amy,Nichols,anichols9w@icio.us,,197 Lake View Drive,62-(753)231-9430,Analog Circuit Design manager
Bonnie,Vasquez,bvasquez9x@reference.com,,84962 Summit Terrace,86-(703)826-1638,Research Assistant II
Alice,Crawford,acrawford9y@ted.com,,27 Sunfield Point,359-(330)202-8490,Tax Accountant
Diane,Morgan,dmorgan9z@state.gov,89010 CEDEX,90177 Shasta Pass,33-(624)508-0605,Quality Control Specialist
Daniel,Nelson,dnelsona0@wunderground.com,,17 Evergreen Park,7-(486)194-2569,Product Engineer
Anthony,Gutierrez,agutierreza1@nytimes.com,4890-484,542 Donald Drive,351-(503)816-0914,Analyst Programmer
Marilyn,Lawrence,mlawrencea2@time.com,,0 Paget Place,86-(879)984-5291,Senior Sales Associate
Linda,Johnston,ljohnstona3@friendfeed.com,75342,80971 Brentwood Place,1-(972)778-1456,Financial Advisor
Charles,Kennedy,ckennedya4@seesaa.net,,73 Pennsylvania Court,86-(107)973-2088,Executive Secretary
Pamela,Riley,prileya5@ft.com,,1810 Nelson Alley,81-(241)961-9261,Human Resources Assistant IV
Kenneth,Thomas,kthomasa6@bing.com,,582 Vernon Terrace,86-(291)944-4495,Software Consultant
Debra,Hamilton,dhamiltona7@yahoo.com,,29657 Fordem Center,509-(538)195-4355,Tax Accountant
Louis,Carroll,lcarrolla8@newsvine.com,,109 La Follette Park,7-(468)105-0632,Database Administrator II
Amanda,Myers,amyersa9@mtv.com,,88464 Del Sol Way,375-(718)465-8325,Marketing Manager
Russell,Sanchez,rsanchezaa@hud.gov,,935 John Wall Terrace,358-(128)990-1179,Nurse
Randy,Spencer,rspencerab@upenn.edu,15604,97 Kropf Hill,60-(947)282-7197,Chief Design Engineer
Harry,Rice,hriceac@smugmug.com,,04 Aberg Court,62-(970)494-5570,Accountant I
Benjamin,Hicks,bhicksad@eventbrite.com,,6217 Judy Place,62-(543)524-2861,VP Sales
Joe,Lopez,jlopezae@hostgator.com,48335,505 Doe Crossing Point,1-(248)147-2000,Geological Engineer
Christina,Fisher,cfisheraf@facebook.com,,9 Corscot Junction,62-(370)445-8431,Civil Engineer
Tammy,Armstrong,tarmstrongag@nps.gov,,5 Rutledge Center,963-(606)483-1946,Desktop Support Technician
Christine,Kelly,ckellyah@wufoo.com,,241 Ohio Center,7-(588)645-2894,Web Developer II
Teresa,Lawson,tlawsonai@netvibes.com,,32 Tennyson Park,86-(567)272-5349,Account Executive
Julia,Hernandez,jhernandezaj@scientificamerican.com,,3 5th Park,62-(617)972-3059,Civil Engineer
Anna,Roberts,arobertsak@telegraph.co.uk,,91186 Shoshone Avenue,371-(126)130-6926,Engineer II
Cynthia,Phillips,cphillipsal@123-reg.co.uk,,935 Dapin Parkway,55-(356)148-1105,Analog Circuit Design manager
Kathryn,Adams,kadamsam@yellowpages.com,,07 Kensington Alley,86-(637)908-7145,Web Developer III
Paula,Bell,pbellan@princeton.edu,,50 Monument Plaza,86-(363)670-5880,Engineer II
Roy,Woods,rwoodsao@rakuten.co.jp,,160 Butternut Terrace,976-(345)674-4559,Quality Engineer
Eric,Peters,epetersap@nasa.gov,,903 Fordem Center,92-(478)855-2860,Research Assistant IV
Anthony,Stanley,astanleyaq@fastcompany.com,,060 Mitchell Trail,7-(430)169-1752,Administrative Assistant IV
Scott,Ferguson,sfergusonar@printfriendly.com,2865-493,8882 Bunker Hill Terrace,351-(250)458-6111,Data Coordiator
Daniel,Morgan,dmorganas@liveinternet.ru,,4361 Cascade Point,63-(733)617-9373,Administrative Officer
Fred,Parker,fparkerat@acquirethisname.com,,833 Bobwhite Crossing,967-(997)392-1038,Technical Writer
Jason,Hanson,jhansonau@ezinearticles.com,67454 CEDEX,3 Bay Lane,33-(108)507-0192,Accountant I
Virginia,Nelson,vnelsonav@networksolutions.com,,6 Debra Way,81-(558)501-5236,Physical Therapy Assistant
Phyllis,Parker,pparkeraw@tmall.com,,6289 6th Park,502-(636)855-8338,Actuary
Anne,Thompson,athompsonax@mac.com,,6321 Fulton Way,48-(874)408-1100,Senior Sales Associate
Judy,Kelley,jkelleyay@360.cn,,8 Meadow Vale Park,86-(305)728-9876,Payment Adjustment Coordinator
Douglas,Gomez,dgomezaz@google.nl,35102 CEDEX 3,286 Fulton Lane,33-(380)263-8755,Civil Engineer
Joseph,Robinson,jrobinsonb0@google.es,4560-750,7927 Marcy Crossing,351-(398)998-9396,Nurse Practicioner
Jennifer,Graham,jgrahamb1@amazon.co.uk,,58 Di Loreto Crossing,86-(576)501-1432,Senior Financial Analyst
Walter,Hansen,whansenb2@pcworld.com,,041 Bultman Way,356-(827)531-0590,Legal Assistant
Kimberly,Gordon,kgordonb3@1und1.de,,91 Union Terrace,86-(860)260-2811,Database Administrator I
Kevin,Ramos,kramosb4@va.gov,,4211 Hermina Pass,63-(979)183-5216,Media Manager I
Bonnie,Gomez,bgomezb5@noaa.gov,58209 CEDEX,5 Carioca Pass,33-(531)122-5551,Desktop Support Technician
Thomas,Alvarez,talvarezb6@disqus.com,,25 Fremont Plaza,86-(746)396-3450,Analog Circuit Design manager
Barbara,Daniels,bdanielsb7@wired.com,542 33,820 Packers Drive,46-(820)807-8994,Business Systems Development Analyst
Terry,Hanson,thansonb8@altervista.org,,79235 Scott Pass,420-(148)759-2529,Marketing Manager
Ashley,Ortiz,aortizb9@wsj.com,,300 Dunning Park,86-(502)917-1466,Budget/Accounting Analyst II
Amanda,Davis,adavisba@hao123.com,,7 South Terrace,86-(949)769-0066,Speech Pathologist
Steve,Garrett,sgarrettbb@phpbb.com,,81529 Northfield Lane,7-(698)920-5612,Dental Hygienist
Scott,Russell,srussellbc@smh.com.au,,425 Independence Parkway,62-(391)686-5858,Desktop Support Technician
Katherine,Fowler,kfowlerbd@epa.gov,,57223 Lukken Pass,62-(880)737-6723,Cost Accountant
Thomas,Stewart,tstewartbe@economist.com,,748 Division Terrace,53-(697)774-3393,Recruiter
Albert,Gray,agraybf@cocolog-nifty.com,,8 Sachs Alley,7-(760)388-2097,Associate Professor
Terry,Sims,tsimsbg@yelp.com,,83967 Pierstorff Hill,48-(282)373-2055,Quality Engineer
Julia,Mills,jmillsbh@furl.net,,034 Lyons Way,62-(853)935-7968,Web Developer I
Rachel,Little,rlittlebi@oaic.gov.au,,121 Pennsylvania Lane,54-(214)725-5423,Dental Hygienist
Harold,Wells,hwellsbj@intel.com,,61 Talmadge Avenue,86-(736)305-9457,General Manager
Cynthia,Torres,ctorresbk@imgur.com,,19167 Carey Circle,7-(157)504-6700,Senior Sales Associate
Susan,Robertson,srobertsonbl@go.com,22156,7 Calypso Junction,1-(571)619-7880,Senior Quality Engineer
Nicole,Meyer,nmeyerbm@sitemeter.com,,010 Twin Pines Center,93-(297)602-5898,Structural Analysis Engineer
Jacqueline,Nguyen,jnguyenbn@constantcontact.com,,41 Tomscot Alley,86-(670)343-5366,Structural Engineer
Cynthia,Weaver,cweaverbo@ibm.com,,3933 Dexter Plaza,995-(562)437-4958,Paralegal
Barbara,Mason,bmasonbp@google.cn,,46936 Sheridan Crossing,62-(673)290-2949,Mechanical Systems Engineer
Doris,Freeman,dfreemanbq@economist.com,,9 Magdeline Circle,55-(794)668-5773,Automation Specialist II
Fred,Reed,freedbr@amazon.co.jp,,99914 Manley Center,63-(911)496-3919,Media Manager I
Wanda,King,wkingbs@amazon.co.uk,,3867 Armistice Court,506-(790)116-1385,Paralegal
Joan,Willis,jwillisbt@hud.gov,2870-632,5 Parkside Crossing,351-(349)108-4402,Chemical Engineer
Annie,Stone,astonebu@yellowpages.com,,95550 Laurel Street,505-(609)140-0889,Analog Circuit Design manager
Brenda,Cook,bcookbv@tmall.com,,82028 Bunker Hill Point,55-(660)977-9099,Research Associate
Jerry,Alvarez,jalvarezbw@wsj.com,,6 International Street,62-(173)827-0062,Chemical Engineer
Steve,Berry,sberrybx@ed.gov,,67 Service Plaza,420-(753)831-4649,Software Test Engineer IV
Mark,Stanley,mstanleyby@stanford.edu,,8674 Sycamore Alley,51-(390)957-3199,Associate Professor
Raymond,Jordan,rjordanbz@prweb.com,,8 Esch Pass,86-(537)129-6112,Business Systems Development Analyst
Ruth,Hunt,rhuntc0@myspace.com,,8678 Laurel Crossing,63-(557)758-6478,Quality Control Specialist
Robin,Pierce,rpiercec1@fc2.com,,139 Service Center,84-(980)853-5469,Engineer III
Aaron,Little,alittlec2@slashdot.org,,06431 8th Place,66-(254)162-5038,Database Administrator I
Albert,Gonzales,agonzalesc3@google.fr,,26459 Westend Trail,62-(340)176-9253,GIS Technical Architect
Judy,Lopez,jlopezc4@t.co,,9197 Spaight Crossing,504-(158)379-6628,Operator
Earl,Fisher,efisherc5@com.com,,550 Warrior Way,86-(354)862-7788,Web Developer II
Kathleen,Thomas,kthomasc6@mail.ru,,86 Farragut Lane,62-(953)380-2438,Marketing Manager
Ruby,Baker,rbakerc7@themeforest.net,68505,38 Buhler Terrace,1-(402)346-8906,Accountant I
Samuel,Woods,swoodsc8@bing.com,33345,51 Ilene Alley,1-(754)686-0940,VP Product Management
Keith,Ellis,kellisc9@disqus.com,6120-215,760 Summit Point,351-(470)276-9770,Nuclear Power Engineer
Jessica,Allen,jallenca@typepad.com,45218,268 Mallard Park,1-(513)175-1566,Office Assistant I
Teresa,Brown,tbrowncb@woothemes.com,,4 Cottonwood Place,237-(468)724-8113,Civil Engineer
Michael,Young,myoungcc@slideshare.net,,786 Meadow Ridge Place,86-(151)449-3295,Senior Developer
Eugene,Cunningham,ecunninghamcd@yandex.ru,,602 Clarendon Plaza,62-(290)452-3525,Assistant Professor
Ronald,Medina,rmedinace@naver.com,,139 Mayer Center,86-(683)928-1550,VP Marketing
Gloria,Sanders,gsanderscf@cnn.com,,39 Welch Point,57-(412)924-3144,Developer III
Doris,Gray,dgraycg@indiegogo.com,,3 Derek Street,51-(991)598-2861,Budget/Accounting Analyst IV
James,Griffin,jgriffinch@yolasite.com,,3958 Cherokee Alley,86-(956)524-1144,VP Quality Control
Pamela,Stevens,pstevensci@house.gov,,1 Fordem Court,55-(208)582-6015,Nuclear Power Engineer
Samuel,Bennett,sbennettcj@chron.com,,33120 Bay Avenue,86-(348)922-5167,Financial Advisor
Sara,Gordon,sgordonck@eepurl.com,,16241 Kenwood Road,98-(819)546-2169,VP Sales
Denise,Gray,dgraycl@whitehouse.gov,,0921 Blackbird Plaza,86-(165)709-3795,Account Representative IV
Sean,Ruiz,sruizcm@yelp.com,,1992 Vernon Road,62-(566)437-1341,Environmental Specialist
Jennifer,Rogers,jrogerscn@netscape.com,,094 Goodland Park,51-(900)823-4076,Engineer II
Jeremy,Torres,jtorresco@squidoo.com,,880 Valley Edge Trail,62-(248)974-5383,Actuary
Andrew,Garza,agarzacp@multiply.com,,4800 Straubel Center,62-(632)123-1129,Community Outreach Specialist
Howard,Howard,hhowardcq@kickstarter.com,,42 Bobwhite Parkway,380-(248)902-0735,Environmental Specialist
Martin,Garcia,mgarciacr@bloglines.com,2420-144,2 Charing Cross Avenue,351-(235)544-8623,Quality Control Specialist
Anna,Rice,aricecs@oaic.gov.au,,6872 Lawn Pass,7-(926)405-6720,Editor
Antonio,Richardson,arichardsonct@nytimes.com,,5 Golf Pass,86-(654)602-0562,Budget/Accounting Analyst IV
Doris,Ward,dwardcu@jiathis.com,572 27,3 Linden Alley,46-(433)209-1189,Business Systems Development Analyst
Jason,Ross,jrosscv@yahoo.co.jp,,30 Hoard Circle,216-(651)930-1764,Structural Engineer
George,Garza,ggarzacw@abc.net.au,,1 Thompson Drive,963-(462)918-7138,Software Engineer III
Helen,Sanchez,hsanchezcx@elpais.com,2710-257,868 Grasskamp Terrace,351-(406)294-8720,Software Test Engineer IV
Johnny,Flores,jflorescy@barnesandnoble.com,,102 Crest Line Drive,86-(936)147-7339,Media Manager II
Christine,Banks,cbankscz@geocities.jp,79049 CEDEX 9,5540 Graceland Hill,33-(512)926-3358,Assistant Media Planner
Aaron,Riley,arileyd0@digg.com,,75196 Lakewood Alley,375-(715)496-6279,Environmental Tech
Raymond,Carter,rcarterd1@nytimes.com,,177 Prentice Drive,86-(730)881-9626,Safety Technician IV
Chris,Ferguson,cfergusond2@mysql.com,,0 Morrow Junction,62-(318)759-7783,Automation Specialist III
Andrew,Sims,asimsd3@ucla.edu,,39791 Barnett Street,95-(997)751-1063,Research Nurse
Alice,Diaz,adiazd4@hibu.com,,71162 Scoville Alley,86-(812)365-9677,Civil Engineer
Albert,Hanson,ahansond5@people.com.cn,,3900 Declaration Park,420-(824)523-2392,Help Desk Technician
Kenneth,Brown,kbrownd6@rakuten.co.jp,,421 Rockefeller Way,505-(286)732-7562,Safety Technician III
Aaron,Shaw,ashawd7@sciencedaily.com,,7 Prairie Rose Point,63-(993)706-6072,Senior Financial Analyst
Lillian,Holmes,lholmesd8@eventbrite.com,,07806 Fisk Parkway,62-(607)111-1021,Pharmacist
Carol,Russell,crusselld9@state.gov,,697 Cherokee Pass,55-(884)741-4284,Assistant Manager
Eric,Snyder,esnyderda@businessweek.com,,4379 Grover Alley,358-(726)940-8531,Junior Executive
Rebecca,Simmons,rsimmonsdb@soundcloud.com,,3 Sheridan Road,86-(589)973-5849,Senior Sales Associate
Irene,Jacobs,ijacobsdc@blogtalkradio.com,,9039 Gerald Junction,380-(941)425-3796,Help Desk Technician
Wanda,Ryan,wryandd@cloudflare.com,,13 Sachtjen Way,7-(929)753-7085,Assistant Media Planner
Sara,Reed,sreedde@tinyurl.com,571 82,58 Namekagon Parkway,46-(142)351-4622,Health Coach IV
Rose,Frazier,rfrazierdf@wix.com,,7 Londonderry Avenue,81-(820)485-0544,Structural Analysis Engineer
James,Grant,jgrantdg@craigslist.org,34087 CEDEX 4,1970 Truax Center,33-(353)902-7073,Paralegal
Adam,Alvarez,aalvarezdh@virginia.edu,,4 Autumn Leaf Center,63-(973)771-6564,Community Outreach Specialist
Rose,Riley,rrileydi@china.com.cn,,1 Summit Point,48-(213)226-6350,Desktop Support Technician
Sandra,Elliott,selliottdj@dailymotion.com,,4206 Lakewood Pass,62-(714)704-9609,Administrative Assistant IV
Laura,Day,ldaydk@marketwatch.com,,8 Park Meadow Parkway,7-(161)719-5890,VP Sales
Kenneth,Armstrong,karmstrongdl@elegantthemes.com,,6 Comanche Way,386-(143)973-6765,Environmental Specialist
Phillip,Reid,preiddm@businesswire.com,,6 Orin Terrace,54-(678)481-5849,Structural Engineer
Harry,Montgomery,hmontgomerydn@liveinternet.ru,,07003 Waxwing Center,86-(741)325-1941,Analyst Programmer
Lawrence,Graham,lgrahamdo@t.co,,5 Sauthoff Junction,86-(985)925-1037,Administrative Assistant IV
Andrea,Lee,aleedp@soundcloud.com,,00 Southridge Pass,232-(402)873-6942,VP Quality Control
Carlos,Knight,cknightdq@xrea.com,,679 Express Street,86-(957)803-1856,Project Manager
Rebecca,Edwards,redwardsdr@sohu.com,,9 Tony Park,86-(129)862-0911,Accounting Assistant IV
Daniel,Mills,dmillsds@arizona.edu,90831,25 Nelson Park,1-(562)469-1870,Occupational Therapist
Martha,Carroll,mcarrolldt@theatlantic.com,,14609 Huxley Drive,7-(759)883-2753,Senior Quality Engineer
Gloria,Gutierrez,ggutierrezdu@dailymail.co.uk,,8792 Mayer Hill,967-(333)268-6318,Senior Financial Analyst
Timothy,Rogers,trogersdv@friendfeed.com,,084 Acker Road,54-(646)464-1962,Nurse Practicioner
Kenneth,Ruiz,kruizdw@illinois.edu,,32 Birchwood Alley,380-(740)923-9548,Research Assistant IV
Elizabeth,Ramos,eramosdx@virginia.edu,,02 Ruskin Drive,55-(540)135-0150,Help Desk Operator
James,Shaw,jshawdy@sphinn.com,,09 Sundown Road,62-(646)579-7237,Analyst Programmer
Bruce,Tucker,btuckerdz@samsung.com,,9 Cordelia Court,63-(610)904-1361,Cost Accountant
William,Hudson,whudsone0@ted.com,,614 Transport Circle,62-(448)536-8871,Automation Specialist I
Carlos,Henry,chenrye1@pagesperso-orange.fr,,2 Southridge Circle,86-(777)812-7044,Account Executive
Joe,Dean,jdeane2@cargocollective.com,,19441 3rd Center,86-(897)834-7938,Marketing Manager
Amanda,Washington,awashingtone3@icio.us,,40 Larry Parkway,7-(520)797-0856,Payment Adjustment Coordinator
Amy,Webb,awebbe4@reddit.com,,58 Barby Hill,86-(655)522-8808,Quality Engineer
Nancy,Perry,nperrye5@earthlink.net,,28250 Michigan Center,55-(295)789-7962,Civil Engineer
Anthony,Tucker,atuckere6@ft.com,,58 Bluejay Crossing,86-(205)326-3576,Research Associate
Christopher,Wilson,cwilsone7@goo.ne.jp,745 44,4 Bunker Hill Park,46-(997)722-0557,Financial Analyst
Anne,Lopez,alopeze8@yelp.com,,496 Killdeer Center,7-(840)931-2564,Programmer IV
Norma,Evans,nevanse9@bbb.org,,500 Tennessee Point,62-(770)970-4720,Product Engineer
Ashley,Duncan,aduncanea@mlb.com,669 31,07 Sugar Drive,46-(750)468-3516,Programmer II
Anna,Fields,afieldseb@blogger.com,,80 Elgar Terrace,86-(392)753-1368,Media Manager III
Carol,Ruiz,cruizec@symantec.com,,3946 Bultman Trail,380-(397)235-4553,Professor
Dorothy,Diaz,ddiazed@squarespace.com,,654 Mosinee Center,255-(413)615-4099,Mechanical Systems Engineer
Larry,Nichols,lnicholsee@princeton.edu,,25547 Alpine Terrace,251-(815)301-3440,Budget/Accounting Analyst III
Frank,Romero,fromeroef@addthis.com,,78 Transport Point,55-(565)964-3233,Nurse Practicioner
Angela,Stewart,astewarteg@tuttocitta.it,,09 Crescent Oaks Center,86-(751)789-8054,Human Resources Assistant I
Adam,Elliott,aelliotteh@redcross.org,,9507 Surrey Road,55-(931)373-7852,Research Assistant II
Robin,Fowler,rfowlerei@4shared.com,,439 Sunfield Road,55-(419)346-4024,Business Systems Development Analyst
Jennifer,Murray,jmurrayej@ustream.tv,,0 Troy Trail,86-(259)523-9293,Executive Secretary
Wanda,Gilbert,wgilbertek@apple.com,10170,56 Gateway Lane,1-(646)459-5486,Marketing Manager
Jesse,Jackson,jjacksonel@blogspot.com,,7060 Little Fleur Street,81-(551)916-5823,Biostatistician II
Joan,Robertson,jrobertsonem@geocities.jp,,84308 Sunbrook Drive,27-(593)476-9734,Electrical Engineer
Jacqueline,Rodriguez,jrodriguezen@nsw.gov.au,,7 Village Drive,86-(534)380-4203,Nurse Practicioner
Helen,Mason,hmasoneo@de.vu,,97 Garrison Parkway,48-(775)575-2511,Research Assistant I
Virginia,Wilson,vwilsonep@oakley.com,,966 Artisan Lane,992-(553)215-5092,Community Outreach Specialist
Terry,Kelly,tkellyeq@springer.com,,6059 Fair Oaks Pass,63-(974)213-3658,Statistician II
Betty,Alvarez,balvarezer@jimdo.com,,9673 Weeping Birch Way,86-(831)554-2734,Civil Engineer
Russell,Anderson,randersones@bigcartel.com,,97 Barnett Way,591-(721)628-8794,Editor
Irene,Flores,ifloreset@state.gov,,25273 Scofield Parkway,234-(544)486-4668,Accounting Assistant III
Carlos,Daniels,cdanielseu@google.com.au,,17076 School Pass,63-(188)386-6514,Programmer II
John,Gibson,jgibsonev@angelfire.com,,7 Londonderry Junction,48-(977)825-3421,Analog Circuit Design manager
Willie,Reynolds,wreynoldsew@digg.com,7450-227,2 Pankratz Crossing,351-(437)441-6825,VP Accounting
Marilyn,Daniels,mdanielsex@archive.org,,8 David Circle,234-(248)827-2698,Tax Accountant
Joshua,Barnes,jbarnesey@samsung.com,,0 Cardinal Court,385-(806)689-0199,Data Coordiator
Lori,Mills,lmillsez@businessweek.com,,2226 Chive Lane,86-(286)531-2411,Speech Pathologist
Christopher,Burke,cburkef0@soup.io,,91766 1st Drive,84-(847)896-8507,Librarian
Joan,Bryant,jbryantf1@wp.com,,8 Corry Circle,63-(288)370-6235,Registered Nurse
Jason,Fields,jfieldsf2@networkadvertising.org,,501 Londonderry Road,86-(916)929-5260,Assistant Media Planner
Juan,Watkins,jwatkinsf3@ftc.gov,,4 Northport Hill,86-(269)197-6890,Budget/Accounting Analyst III
Stephanie,Larson,slarsonf4@hatena.ne.jp,,192 Mosinee Way,62-(976)165-2390,Staff Scientist
Brenda,Powell,bpowellf5@wordpress.org,,70 Marcy Point,81-(553)574-1385,Structural Analysis Engineer
Gloria,Foster,gfosterf6@is.gd,,8 Crest Line Pass,86-(483)770-7793,Programmer Analyst II
Diane,Roberts,drobertsf7@cam.ac.uk,92804 CEDEX,6 Jackson Lane,33-(456)133-8497,Technical Writer
Laura,Burns,lburnsf8@dailymotion.com,,95263 Nevada Street,86-(596)474-4281,Budget/Accounting Analyst III
Joseph,Harrison,jharrisonf9@hibu.com,,01 Cottonwood Drive,7-(407)748-5970,VP Quality Control
Gloria,Grant,ggrantfa@mapquest.com,,5 Harper Point,62-(820)603-2969,Desktop Support Technician
Alice,Black,ablackfb@ted.com,,28 Browning Pass,62-(948)676-1636,Executive Secretary
Julia,Hill,jhillfc@furl.net,,941 Waxwing Alley,66-(522)848-8450,Geological Engineer
Bobby,Smith,bsmithfd@youku.com,,931 Lukken Drive,86-(116)648-4874,Payment Adjustment Coordinator
Kelly,Rice,kricefe@furl.net,,05236 Springview Center,48-(180)953-0812,Analog Circuit Design manager
Brandon,Mills,bmillsff@mozilla.com,,0974 Anniversary Junction,55-(152)470-3746,Statistician III
Marie,Kelly,mkellyfg@quantcast.com,55564,141 Dexter Circle,1-(952)510-4092,Food Chemist
Ann,Moreno,amorenofh@telegraph.co.uk,,11584 Westend Way,63-(451)649-3189,Environmental Tech
Michelle,Simpson,msimpsonfi@ow.ly,433 84,356 Bayside Center,46-(308)928-3400,Quality Engineer
Elizabeth,Meyer,emeyerfj@e-recht24.de,,6522 Saint Paul Circle,57-(968)512-2701,Community Outreach Specialist
Emily,Gordon,egordonfk@webeden.co.uk,,97 Butterfield Alley,374-(573)266-7844,Data Coordiator
Arthur,Kelly,akellyfl@nature.com,,58436 Harbort Junction,86-(217)131-0959,Environmental Specialist
Bruce,Lewis,blewisfm@youku.com,351 97,56822 Pepper Wood Pass,46-(312)215-1148,Environmental Tech
Gregory,Rodriguez,grodriguezfn@mac.com,,9316 Becker Parkway,81-(656)740-5047,Civil Engineer
James,Bradley,jbradleyfo@surveymonkey.com,31201 CEDEX 2,699 Tennyson Alley,33-(841)543-9513,Structural Engineer
Martin,West,mwestfp@msn.com,,1 Forest Hill,48-(793)495-8300,Budget/Accounting Analyst IV
Patricia,Jacobs,pjacobsfq@pinterest.com,,82515 Troy Park,82-(729)322-0022,Nurse
Joan,Hanson,jhansonfr@admin.ch,,733 Eggendart Terrace,86-(973)963-5458,Web Developer I
Jacqueline,Hamilton,jhamiltonfs@mediafire.com,,225 Dennis Circle,86-(124)663-8505,Marketing Assistant
Brandon,Baker,bbakerft@stanford.edu,,345 Evergreen Pass,1-(578)478-3198,Assistant Media Planner
Lois,Alvarez,lalvarezfu@tripadvisor.com,,12325 Anzinger Pass,7-(484)407-2422,Teacher
Anne,Ryan,aryanfv@un.org,,012 Fuller Junction,63-(509)835-9049,Research Nurse
Carolyn,Rose,crosefw@photobucket.com,,13852 Mcguire Alley,62-(163)748-9037,Quality Engineer
Billy,George,bgeorgefx@shutterfly.com,,622 Pankratz Trail,7-(367)945-2995,Clinical Specialist
Jane,Reed,jreedfy@vkontakte.ru,,57 Oakridge Center,86-(889)123-2279,Junior Executive
Julia,Edwards,jedwardsfz@stumbleupon.com,99522,15090 Lillian Street,1-(907)758-3902,Associate Professor
Charles,Daniels,cdanielsg0@hostgator.com,,96941 Lawn Center,86-(602)739-1117,Payment Adjustment Coordinator
Beverly,Powell,bpowellg1@tinyurl.com,,99100 Hoard Point,375-(541)509-2990,Senior Quality Engineer
Catherine,Dean,cdeang2@hud.gov,,82278 Dottie Trail,86-(700)716-9275,Dental Hygienist
Diane,Alexander,dalexanderg3@tripod.com,,96 Farmco Hill,86-(751)894-3383,Human Resources Assistant II
Sandra,Hayes,shayesg4@loc.gov,,3439 Montana Crossing,62-(280)161-2590,Paralegal
Lori,Black,lblackg5@storify.com,5460,770 Porter Drive,60-(846)886-1931,Senior Cost Accountant
Kevin,Tucker,ktuckerg6@oaic.gov.au,1768,63 Lindbergh Place,47-(361)400-1976,Administrative Assistant IV
Debra,James,djamesg7@wordpress.com,,22 Esch Park,1-(970)431-9349,Assistant Media Planner
Amanda,Castillo,acastillog8@linkedin.com,91965 CEDEX,57691 Holy Cross Plaza,33-(158)487-5030,Statistician II
Maria,Knight,mknightg9@altervista.org,,127 Ryan Way,504-(844)755-2914,Software Engineer II
Angela,Ray,arayga@fda.gov,,2 Duke Junction,385-(585)434-2510,Compensation Analyst
Paula,Harper,pharpergb@soundcloud.com,,062 Shasta Parkway,251-(771)438-3600,Health Coach IV
Heather,Mcdonald,hmcdonaldgc@java.com,,897 Bellgrove Plaza,86-(508)823-1615,Marketing Assistant
James,Morales,jmoralesgd@vkontakte.ru,,7744 Norway Maple Crossing,385-(485)545-4742,Physical Therapy Assistant
Brian,Crawford,bcrawfordge@earthlink.net,,66 1st Parkway,387-(381)500-0892,Teacher
Sean,Parker,sparkergf@ocn.ne.jp,,2862 Derek Place,30-(270)600-7342,Actuary
Tina,Edwards,tedwardsgg@mapy.cz,,2 Acker Way,63-(570)318-0520,Librarian
Laura,Mills,lmillsgh@ifeng.com,,8337 Thackeray Avenue,62-(256)780-7061,Structural Engineer
Marilyn,Garrett,mgarrettgi@dion.ne.jp,30112 CEDEX,38696 Annamark Alley,33-(922)780-2103,Speech Pathologist
Nicholas,Robertson,nrobertsongj@sakura.ne.jp,,8 Russell Junction,62-(814)585-8787,Help Desk Technician
Kathryn,Porter,kportergk@domainmarket.com,,39075 Erie Park,375-(220)375-9361,Nurse
Mary,Clark,mclarkgl@cocolog-nifty.com,,767 Scott Junction,7-(617)168-1704,Geologist IV
Marilyn,Gonzalez,mgonzalezgm@unesco.org,,0 Carberry Point,420-(142)454-0437,Recruiting Manager
Robert,Walker,rwalkergn@examiner.com,,2193 Dayton Circle,62-(907)791-0476,Junior Executive
Mark,Lopez,mlopezgo@dmoz.org,,9921 Maywood Avenue,86-(955)939-8955,Pharmacist
Russell,Taylor,rtaylorgp@java.com,4650-530,77143 Leroy Lane,351-(116)754-7040,Design Engineer
Anthony,Mason,amasongq@bluehost.com,,5 Jana Center,86-(891)100-1120,Teacher
Donna,Perkins,dperkinsgr@skyrock.com,,4 New Castle Parkway,63-(960)746-4547,Geological Engineer
Paula,Wheeler,pwheelergs@illinois.edu,39004 CEDEX,8 Novick Crossing,33-(759)388-8343,VP Quality Control
Ann,Warren,awarrengt@forbes.com,,370 Melby Lane,86-(187)974-2717,Health Coach III
Patrick,Crawford,pcrawfordgu@vk.com,,187 Melody Trail,86-(844)765-9143,Database Administrator IV
Arthur,Walker,awalkergv@virginia.edu,,978 8th Junction,62-(960)362-2962,Human Resources Assistant II
Mary,Willis,mwillisgw@desdev.cn,,252 Briar Crest Terrace,86-(318)729-5466,Nurse Practicioner
Fred,Fuller,ffullergx@tmall.com,,6025 Becker Avenue,1-(420)603-8078,Editor
Joe,Long,jlonggy@unesco.org,,27 Bayside Alley,63-(364)774-5365,Civil Engineer
Gerald,Burton,gburtongz@gov.uk,58404 CEDEX,8654 Sundown Place,33-(419)894-1943,Account Executive
Helen,Day,hdayh0@4shared.com,2715-217,80 Fair Oaks Place,351-(514)988-5673,VP Accounting
Joan,Perkins,jperkinsh1@yellowbook.com,,6 Schlimgen Hill,86-(900)314-1112,Nuclear Power Engineer
Cheryl,Austin,caustinh2@wikispaces.com,,25 Briar Crest Plaza,62-(221)906-0346,Developer I
William,Johnston,wjohnstonh3@unblog.fr,,7960 Division Terrace,371-(456)277-8889,Programmer Analyst III
Joan,Young,jyoungh4@china.com.cn,,33 Beilfuss Plaza,380-(616)152-6687,Food Chemist
Jerry,Harrison,jharrisonh5@sfgate.com,,96192 Sugar Lane,92-(476)787-6854,Assistant Manager
Raymond,Hudson,rhudsonh6@cyberchimps.com,,99215 Meadow Vale Alley,63-(975)551-3792,Research Associate
Daniel,Garcia,dgarciah7@livejournal.com,,87579 Petterle Point,57-(388)986-7750,Senior Developer
Sean,Ray,srayh8@fema.gov,,46 Fieldstone Drive,62-(856)365-0308,Editor
Edward,Hanson,ehansonh9@topsy.com,,0 Graedel Terrace,48-(970)240-7887,Administrative Assistant I
Martha,Reid,mreidha@ucoz.ru,,77368 Petterle Circle,55-(249)511-0344,Speech Pathologist
Kevin,Hernandez,khernandezhb@unicef.org,,310 Fair Oaks Street,62-(654)535-6237,Software Test Engineer II
Wayne,Russell,wrussellhc@instagram.com,,2623 Pearson Place,62-(158)142-7805,Marketing Manager
Diana,Ross,drosshd@de.vu,29424,45163 Helena Circle,1-(843)757-8990,Budget/Accounting Analyst III
Douglas,Franklin,dfranklinhe@odnoklassniki.ru,,50 Pleasure Plaza,62-(183)334-5197,Software Test Engineer III
Kenneth,Fisher,kfisherhf@fastcompany.com,,889 Mifflin Point,62-(561)982-5430,Recruiting Manager
Ann,Cole,acolehg@house.gov,,06237 Pond Plaza,51-(627)160-1955,VP Accounting
Clarence,Gutierrez,cgutierrezhh@amazon.com,,725 Sunfield Street,55-(132)412-6023,Accounting Assistant I
Debra,Wells,dwellshi@google.nl,4750-624,41541 Linden Center,351-(767)654-1842,Developer IV
Todd,Anderson,tandersonhj@examiner.com,,4 Donald Parkway,420-(386)246-8148,Editor
Margaret,Armstrong,marmstronghk@tripod.com,,5531 Roxbury Junction,86-(947)837-8435,Librarian
Melissa,Butler,mbutlerhl@state.tx.us,,4454 Ridge Oak Plaza,7-(263)681-8592,VP Marketing
Sara,Frazier,sfrazierhm@meetup.com,,70490 Amoth Park,86-(815)790-2098,Nurse Practicioner
Barbara,Oliver,boliverhn@europa.eu,,3274 Myrtle Trail,92-(409)979-1133,Director of Sales
Mary,Matthews,mmatthewsho@behance.net,,1962 Russell Terrace,963-(185)760-6924,Human Resources Manager
Todd,Richards,trichardshp@admin.ch,,58 Donald Trail,62-(662)883-1473,Director of Sales
Judith,Cooper,jcooperhq@wikispaces.com,,41044 Duke Terrace,84-(839)593-4353,Database Administrator IV
Albert,Brooks,abrookshr@miitbeian.gov.cn,,558 Lunder Alley,86-(441)550-8780,Human Resources Assistant II
Randy,Brown,rbrownhs@businessweek.com,,59 Talmadge Trail,86-(592)950-7576,Associate Professor
Harry,Garcia,hgarciaht@businessweek.com,,708 Clyde Gallagher Parkway,84-(157)185-8101,Nurse Practicioner
Sandra,Harvey,sharveyhu@devhub.com,,81 Armistice Way,55-(194)511-5853,Payment Adjustment Coordinator
Bonnie,Sullivan,bsullivanhv@instagram.com,,3871 Commercial Point,56-(728)651-4243,Administrative Officer
Christina,Cruz,ccruzhw@devhub.com,106 32,518 Mockingbird Alley,46-(599)551-0033,Computer Systems Analyst I
Lisa,Mills,lmillshx@accuweather.com,,8736 Messerschmidt Point,63-(414)794-0419,Information Systems Manager
William,Perkins,wperkinshy@wsj.com,,31 Spenser Place,86-(966)794-9062,Media Manager IV
Arthur,Bryant,abryanthz@oaic.gov.au,,6557 Dorton Street,48-(399)721-1277,General Manager
Betty,Wallace,bwallacei0@epa.gov,,944 Messerschmidt Terrace,86-(804)499-2181,Civil Engineer
Howard,Hayes,hhayesi1@amazonaws.com,,8 Summerview Point,86-(121)807-8747,Tax Accountant
Lillian,James,ljamesi2@tinyurl.com,,30846 Blackbird Plaza,86-(564)405-5290,Administrative Officer
Rachel,Moreno,rmorenoi3@washingtonpost.com,124 22,84317 Huxley Park,46-(531)810-2509,Programmer I
Mark,Dunn,mdunni4@simplemachines.org,,22008 Cardinal Drive,86-(263)898-5584,Software Engineer II
William,Fowler,wfowleri5@trellian.com,,19 Manitowish Crossing,57-(849)141-0032,Accountant II
Beverly,Mills,bmillsi6@newyorker.com,,45479 Elka Street,380-(275)926-7026,Analyst Programmer
Eugene,West,ewesti7@histats.com,,69962 Eagan Drive,86-(126)295-1672,Dental Hygienist
Jeremy,Ford,jfordi8@privacy.gov.au,,50553 Morningstar Street,62-(977)871-1901,Developer II
Andrew,Hayes,ahayesi9@netscape.com,,83454 Cottonwood Pass,84-(600)425-5505,Marketing Manager
Lisa,Perkins,lperkinsia@godaddy.com,,8 Sundown Crossing,62-(665)718-0375,Senior Sales Associate
Jimmy,Wood,jwoodib@goodreads.com,,82 Nova Terrace,502-(457)557-9133,Social Worker
Robert,Pierce,rpierceic@multiply.com,,9 Kinsman Trail,30-(635)924-3222,Design Engineer
Gloria,Williamson,gwilliamsonid@360.cn,57990,63911 Warrior Pass,60-(791)601-4950,Help Desk Operator
Jesse,Mendoza,jmendozaie@istockphoto.com,,4 Armistice Lane,420-(115)425-9523,Financial Analyst
Keith,Stevens,kstevensif@hubpages.com,,6 Arapahoe Hill,86-(738)625-8192,VP Quality Control
Randy,Brooks,rbrooksig@plala.or.jp,,7617 Forster Court,62-(195)288-5202,Social Worker
Samuel,Holmes,sholmesih@acquirethisname.com,,8 Kim Drive,86-(666)601-2183,Software Engineer IV
Sharon,Patterson,spattersonii@nba.com,,9 Corry Point,505-(359)371-0994,Legal Assistant
Kathy,Wells,kwellsij@globo.com,,1589 Sachs Pass,62-(840)612-5100,Marketing Manager
Jane,Lawson,jlawsonik@php.net,,0 8th Parkway,7-(645)856-6145,Nuclear Power Engineer
Anne,Collins,acollinsil@oracle.com,,68093 Badeau Point,374-(127)456-7955,Executive Secretary
Donna,Miller,dmillerim@webnode.com,,31 Scoville Point,84-(588)974-7828,Human Resources Manager
Stephanie,Thompson,sthompsonin@blogger.com,,1548 Main Trail,57-(594)659-9315,Cost Accountant
Victor,Johnston,vjohnstonio@netlog.com,,12952 Burrows Plaza,62-(937)522-7461,Nuclear Power Engineer
Jeremy,Stanley,jstanleyip@jimdo.com,1325,9 Dawn Trail,61-(220)341-7089,GIS Technical Architect
Andrea,Bradley,abradleyiq@cyberchimps.com,97265 CEDEX,35 Cordelia Point,596-(915)883-8856,Account Executive
Julia,George,jgeorgeir@webnode.com,,8480 Kipling Avenue,62-(633)961-8881,Speech Pathologist
Tammy,Cruz,tcruzis@psu.edu,,4 Dahle Junction,66-(445)965-3354,VP Quality Control
Emily,Campbell,ecampbellit@github.com,,049 Canary Park,86-(684)283-0752,Assistant Media Planner
Jeremy,Young,jyoungiu@pinterest.com,,069 Killdeer Parkway,853-(330)433-8917,Teacher
Craig,Cook,ccookiv@fc2.com,,5 Truax Place,62-(671)688-7917,Accountant III
Willie,Hart,whartiw@ocn.ne.jp,,54 Garrison Road,374-(993)953-2126,Chemical Engineer
Chris,Sullivan,csullivanix@epa.gov,,39 Golden Leaf Terrace,237-(346)427-4376,Analog Circuit Design manager
Alice,Holmes,aholmesiy@soup.io,3282,2289 Spaight Street,43-(431)837-9189,Safety Technician I
Jeremy,Larson,jlarsoniz@google.com.br,2530-692,19453 Gina Way,351-(865)345-0984,Marketing Manager
Gerald,Washington,gwashingtonj0@themeforest.net,,3 3rd Point,62-(376)523-6122,Automation Specialist III
Billy,Hall,bhallj1@ebay.co.uk,,9 Anthes Circle,66-(539)129-3153,Database Administrator II
Maria,Hayes,mhayesj2@wired.com,,90796 Roxbury Court,420-(592)882-5098,Financial Advisor
Susan,Ray,srayj3@icq.com,,630 Shoshone Road,86-(475)971-4635,Assistant Professor
Sandra,Griffin,sgriffinj4@t-online.de,,491 Glacier Hill Parkway,7-(521)977-0789,Community Outreach Specialist
Roy,Ellis,rellisj5@pcworld.com,2440-370,0 Lake View Center,351-(131)787-9952,Senior Editor
Joan,Hicks,jhicksj6@microsoft.com,,07852 Hauk Lane,66-(904)609-3146,Nurse Practicioner
Victor,Holmes,vholmesj7@sphinn.com,,18 Monica Plaza,86-(493)807-4526,Actuary
Sean,Long,slongj8@wisc.edu,,7 Forster Parkway,86-(132)955-8722,Project Manager
Benjamin,Armstrong,barmstrongj9@newyorker.com,,4875 Hallows Road,54-(191)905-6258,Operator
Marilyn,Garrett,mgarrettja@admin.ch,,146 Manley Parkway,30-(835)502-1957,Assistant Manager
Howard,Foster,hfosterjb@nps.gov,,55258 Meadow Vale Trail,30-(629)700-2834,Actuary
Sharon,Nguyen,snguyenjc@springer.com,,904 Mcguire Place,48-(112)959-2508,Assistant Media Planner
Louise,Ramirez,lramirezjd@nasa.gov,,30 Park Meadow Lane,86-(498)338-3213,Senior Developer
Terry,Bryant,tbryantje@devhub.com,,14581 Golf Lane,960-(456)694-8027,Safety Technician I
Sandra,Lewis,slewisjf@omniture.com,,9 Redwing Park,62-(623)163-1582,Librarian
Joseph,Little,jlittlejg@theguardian.com,,84628 Larry Street,223-(537)744-1992,Technical Writer
Douglas,Day,ddayjh@wisc.edu,2845-005,63 Southridge Circle,351-(349)781-3942,Data Coordiator
Russell,Kelley,rkelleyji@marketwatch.com,417 17,1486 Cardinal Lane,46-(450)202-5993,Developer II
Tina,Lynch,tlynchjj@studiopress.com,,4972 Cottonwood Trail,86-(164)657-9364,Chief Design Engineer
Jeffrey,Phillips,jphillipsjk@istockphoto.com,,98258 Springs Pass,7-(224)782-8015,Payment Adjustment Coordinator
Ryan,Arnold,rarnoldjl@prnewswire.com,69488 CEDEX 03,4523 Linden Alley,33-(768)825-0995,Structural Engineer
Bobby,Morgan,bmorganjm@squarespace.com,665 33,01728 Stoughton Pass,46-(652)679-2653,Marketing Assistant
Shawn,Ray,srayjn@yellowbook.com,,765 Kings Point,86-(724)503-6089,Senior Cost Accountant
Jeffrey,Hughes,jhughesjo@symantec.com,,3 Hauk Point,503-(562)952-4588,Account Coordinator
Cheryl,Bell,cbelljp@constantcontact.com,,36 Mockingbird Junction,598-(633)461-8971,Database Administrator III
Kenneth,Day,kdayjq@utexas.edu,,39893 Dexter Place,66-(148)573-1443,Nurse
Billy,Medina,bmedinajr@state.gov,,5074 Golf View Center,62-(231)661-9429,Accountant II
Rachel,Jones,rjonesjs@umn.edu,4404,99308 Debs Hill,36-(631)262-9880,Design Engineer
Sarah,Hansen,shansenjt@addthis.com,,66 4th Alley,502-(693)590-0785,Data Coordiator
Jose,Little,jlittleju@wufoo.com,,0848 Green Junction,504-(941)530-8050,Database Administrator IV
Christopher,Romero,cromerojv@163.com,,56000 Little Fleur Street,63-(845)793-3025,Chemical Engineer
Angela,Henry,ahenryjw@123-reg.co.uk,,08 Pennsylvania Crossing,1-(772)538-0144,Software Consultant
Bobby,Larson,blarsonjx@youtu.be,,569 Scofield Way,420-(399)771-2348,Nurse
Steven,Moore,smoorejy@google.com.br,,78853 Dexter Center,380-(714)486-1303,Senior Quality Engineer
Linda,Stewart,lstewartjz@umich.edu,,6 Dorton Parkway,55-(563)557-5387,Operator
Patrick,Fernandez,pfernandezk0@vk.com,,876 Nobel Circle,54-(385)130-4715,Systems Administrator III
Jason,Robertson,jrobertsonk1@skype.com,,2 Clemons Pass,256-(819)850-1850,Recruiting Manager
Steven,Snyder,ssnyderk2@usda.gov,37217,026 Old Shore Parkway,49-(990)862-1325,Structural Analysis Engineer
Earl,Stone,estonek3@ucla.edu,121 63,90 Kings Court,46-(418)263-2470,Research Associate
Paula,Hansen,phansenk4@arizona.edu,,77 Hovde Trail,86-(979)335-0203,Senior Editor
Alice,Reid,areidk5@artisteer.com,,55172 Acker Hill,370-(729)893-3288,Safety Technician IV
Jerry,Austin,jaustink6@wunderground.com,,19 Old Gate Plaza,86-(655)671-8081,Human Resources Manager
Richard,Gray,rgrayk7@oakley.com,,06 Harbort Street,226-(702)283-5138,Analog Circuit Design manager
Tammy,Marshall,tmarshallk8@tinypic.com,,335 Everett Crossing,254-(549)468-1434,Analyst Programmer
Anthony,Ford,afordk9@loc.gov,,240 Village Green Point,48-(576)662-3928,Librarian
Margaret,Chapman,mchapmanka@imageshack.us,,87462 Rockefeller Road,63-(353)223-6157,Dental Hygienist
Dorothy,Martinez,dmartinezkb@free.fr,,28 Straubel Plaza,7-(473)355-8007,VP Product Management
Frances,Carroll,fcarrollkc@dyndns.org,,148 Knutson Plaza,63-(131)693-4331,Associate Professor
Norma,Cunningham,ncunninghamkd@bloglovin.com,,95997 Oakridge Crossing,62-(557)366-1138,Product Engineer
Chris,Brown,cbrownke@livejournal.com,3850-312,3 Forster Terrace,351-(312)297-4224,Accountant II
Lisa,Wallace,lwallacekf@4shared.com,,2 Magdeline Street,86-(495)471-0250,Software Consultant
Jane,Cunningham,jcunninghamkg@sourceforge.net,,7 Kingsford Crossing,62-(188)902-3771,Computer Systems Analyst IV
Maria,Ramos,mramoskh@twitter.com,,48 Pearson Circle,7-(774)523-1376,Staff Accountant I
John,Gonzalez,jgonzalezki@phpbb.com,,62 Shelley Alley,86-(101)776-2442,Associate Professor
William,Price,wpricekj@sitemeter.com,,94286 Mcguire Road,54-(899)849-3748,Accounting Assistant I
James,Adams,jadamskk@twitter.com,45223,6 Vahlen Road,1-(513)955-9900,Health Coach III
Annie,Simpson,asimpsonkl@github.io,,56 Canary Lane,7-(479)182-3195,Data Coordiator
Ruth,Foster,rfosterkm@ucoz.ru,,065 Fair Oaks Parkway,86-(516)298-6770,Cost Accountant
Aaron,Ramirez,aramirezkn@msn.com,,97495 Bartillon Terrace,994-(596)746-4975,Librarian
Beverly,West,bwestko@si.edu,2065-114,158 Monica Street,351-(610)743-4696,Chemical Engineer
Martha,Ray,mraykp@epa.gov,,598 Bunting Point,57-(729)314-7261,Staff Accountant II
Julie,Porter,jporterkq@miibeian.gov.cn,,0 Corry Junction,7-(166)392-2509,Office Assistant II
Jimmy,Robinson,jrobinsonkr@taobao.com,4960-349,671 Barnett Lane,351-(623)245-0294,Marketing Assistant
Evelyn,Foster,efosterks@unesco.org,,560 Rieder Drive,20-(563)218-4490,Sales Representative
Angela,Rose,arosekt@unicef.org,,12831 Kings Drive,86-(944)501-0094,Senior Developer
Paula,Bennett,pbennettku@tmall.com,,57634 Sachs Trail,81-(627)626-8171,Assistant Manager
Robert,Cooper,rcooperkv@goo.gl,,3 Westend Road,86-(473)406-2098,Financial Analyst
Theresa,Perez,tperezkw@nih.gov,,63 Buhler Parkway,357-(256)917-2573,Payment Adjustment Coordinator
Barbara,Wright,bwrightkx@cnet.com,,6984 Hoepker Park,66-(381)663-5521,Senior Sales Associate
Roy,Frazier,rfrazierky@tinyurl.com,,5481 Surrey Pass,81-(988)853-4207,Nurse
Anna,Kelly,akellykz@mayoclinic.com,3249,12 Granby Road,47-(932)690-0189,Assistant Professor
Andrew,Duncan,aduncanl0@over-blog.com,,309 Spenser Court,66-(767)156-4516,Internal Auditor
Brandon,Frazier,bfrazierl1@canalblog.com,,712 Iowa Terrace,51-(984)718-9664,Assistant Media Planner
Bobby,Gonzales,bgonzalesl2@mozilla.com,,851 Canary Pass,86-(226)684-9705,Nurse Practicioner
Dennis,Thompson,dthompsonl3@dion.ne.jp,,1503 Barnett Place,7-(371)848-3937,Internal Auditor
Patrick,Holmes,pholmesl4@ifeng.com,,81 Warrior Circle,62-(832)211-2203,Physical Therapy Assistant
Jesse,Morgan,jmorganl5@deliciousdays.com,,068 Esker Way,62-(329)259-8177,Financial Advisor
Mark,Smith,msmithl6@businesswire.com,47707,6340 Bartillon Pass,52-(481)377-4832,Desktop Support Technician
Deborah,Thompson,dthompsonl7@angelfire.com,,8609 Acker Pass,62-(989)297-5056,Senior Sales Associate
Peter,Peterson,ppetersonl8@oaic.gov.au,,1 Pine View Hill,370-(820)959-3461,Senior Financial Analyst
Lisa,Hughes,lhughesl9@nationalgeographic.com,,9 Kings Circle,86-(535)188-5956,Statistician IV
Wanda,Butler,wbutlerla@springer.com,,5 1st Way,7-(553)764-9381,Sales Representative
Virginia,Henderson,vhendersonlb@google.cn,,23 Kim Avenue,353-(880)675-2404,Human Resources Assistant II
Louis,Stanley,lstanleylc@dell.com,,8 Lawn Circle,86-(530)852-7488,Computer Systems Analyst IV
Angela,Grant,agrantld@tinypic.com,,68832 Eastlawn Way,81-(720)130-8315,Director of Sales
Debra,Gilbert,dgilbertle@dion.ne.jp,,455 Portage Park,86-(651)548-7641,Chief Design Engineer
Justin,Carr,jcarrlf@people.com.cn,,6652 Susan Road,48-(161)889-6931,Clinical Specialist
Irene,Carroll,icarrolllg@wiley.com,,3890 Londonderry Plaza,385-(698)680-4787,Internal Auditor
Mary,Gomez,mgomezlh@sakura.ne.jp,,236 Bobwhite Park,375-(201)363-8602,Office Assistant I
Carolyn,Webb,cwebbli@ca.gov,,91272 Pine View Point,86-(547)253-9167,Senior Developer
Ernest,Holmes,eholmeslj@nih.gov,,5511 Coolidge Drive,86-(652)242-7813,Civil Engineer
Kenneth,Rodriguez,krodriguezlk@chron.com,,650 Hauk Alley,963-(134)392-9929,Librarian
Joshua,Price,jpricell@yellowpages.com,,6 Carpenter Avenue,86-(695)950-0429,Payment Adjustment Coordinator
Cynthia,Wheeler,cwheelerlm@fc2.com,,41170 Blue Bill Park Terrace,62-(767)185-0249,General Manager
Ryan,Elliott,relliottln@archive.org,,5 Magdeline Alley,55-(908)812-1848,VP Product Management
Howard,Cox,hcoxlo@xrea.com,,5 Hayes Drive,84-(514)631-2735,Assistant Media Planner
Gloria,Jacobs,gjacobslp@columbia.edu,,3060 Namekagon Street,57-(647)147-5719,Geological Engineer
Jack,White,jwhitelq@ucoz.ru,906 12,1 East Park,46-(308)748-1200,Chief Design Engineer
Keith,Matthews,kmatthewslr@harvard.edu,,6 Bunker Hill Pass,506-(340)834-3799,Actuary
Wanda,Montgomery,wmontgomeryls@berkeley.edu,,4059 Pearson Center,62-(401)207-5482,Actuary
Jean,Cunningham,jcunninghamlt@paginegialle.it,,657 Bunting Trail,420-(673)463-0527,Software Consultant
Sharon,Jenkins,sjenkinslu@redcross.org,,2185 Coolidge Park,48-(354)480-6769,Account Coordinator
Evelyn,Kim,ekimlv@slashdot.org,,35968 Rutledge Center,224-(742)646-7726,Accountant III
David,Harper,dharperlw@ucsd.edu,,2 Mcguire Center,380-(612)415-9229,Recruiting Manager
Helen,Roberts,hrobertslx@wordpress.com,,39 Moland Circle,86-(487)322-7547,Senior Sales Associate
Carlos,Ramirez,cramirezly@skype.com,,17035 Mayfield Pass,48-(820)460-3401,Paralegal
Debra,Hicks,dhickslz@netlog.com,,96 Evergreen Avenue,86-(888)308-6157,Account Coordinator
Gregory,Sanders,gsandersm0@pinterest.com,,69 Fairfield Park,963-(898)782-1581,Account Coordinator
Randy,Mendoza,rmendozam1@cdc.gov,,63363 Tomscot Avenue,86-(422)443-1259,Actuary
Maria,Foster,mfosterm2@sfgate.com,4765-098,19242 Arizona Drive,351-(335)216-1399,Librarian
Bonnie,Hart,bhartm3@hud.gov,07404 CEDEX,8313 Algoma Alley,33-(213)500-6071,Business Systems Development Analyst
Doris,Wright,dwrightm4@wp.com,5204,0371 Forest Run Trail,31-(405)551-7018,Accountant I
Earl,Nichols,enicholsm5@networksolutions.com,,067 Mifflin Alley,66-(957)150-0548,Graphic Designer
Peter,Hayes,phayesm6@google.com,,1 Esker Crossing,54-(423)591-7790,Occupational Therapist
Rose,Cox,rcoxm7@fastcompany.com,,2487 Beilfuss Avenue,86-(385)664-8888,Paralegal
Eugene,Nguyen,enguyenm8@dot.gov,,49123 Stephen Hill,55-(338)441-6279,Product Engineer
Amy,Stanley,astanleym9@php.net,,75084 Weeping Birch Way,63-(415)704-7125,Cost Accountant
Dennis,Simpson,dsimpsonma@wikispaces.com,,2 John Wall Way,994-(587)286-1491,Compensation Analyst
Stephen,Campbell,scampbellmb@pinterest.com,,54975 Helena Center,7-(314)102-5059,Safety Technician I
Brandon,Oliver,bolivermc@hhs.gov,,23087 Claremont Street,54-(768)454-8946,Professor
Nancy,Frazier,nfraziermd@godaddy.com,,30 Northridge Alley,993-(257)119-9666,Account Coordinator
Donald,Burns,dburnsme@icio.us,9414,59 Muir Terrace,47-(476)159-5255,Assistant Professor
Laura,Wilson,lwilsonmf@ehow.com,,9138 Pepper Wood Park,374-(703)255-3364,Accounting Assistant III
Kathy,Watkins,kwatkinsmg@nationalgeographic.com,,6 School Junction,53-(822)297-9814,Developer I
Julie,Mcdonald,jmcdonaldmh@google.com,,881 Moose Center,53-(993)423-0070,Geological Engineer
Michelle,Collins,mcollinsmi@networksolutions.com,,3 Elgar Alley,380-(422)829-6259,Cost Accountant
Nancy,Lawson,nlawsonmj@nbcnews.com,,87 Pearson Street,254-(806)115-6030,Staff Scientist
Carlos,Larson,clarsonmk@sciencedirect.com,,467 West Place,86-(585)494-1790,Engineer II
Marilyn,Owens,mowensml@sogou.com,,9 Ridgeway Way,86-(946)749-7196,Staff Accountant III
Charles,Webb,cwebbmm@bluehost.com,,67 Dwight Lane,62-(748)959-2329,Human Resources Manager
Karen,Reynolds,kreynoldsmn@alibaba.com,,01375 Everett Way,62-(223)762-5860,Product Engineer
Janice,Cole,jcolemo@vkontakte.ru,,5 Sachtjen Point,86-(966)285-6164,Research Nurse
Martha,Henry,mhenrymp@meetup.com,3720-085,29 Susan Drive,351-(281)485-9475,Accountant I
Craig,Ellis,cellismq@nih.gov,,96029 Del Sol Terrace,380-(973)663-7341,Staff Scientist
Russell,Hill,rhillmr@nhs.uk,,5967 Anhalt Center,63-(470)252-0327,Office Assistant I
Angela,Oliver,aoliverms@nps.gov,,248 Oxford Drive,972-(205)424-3853,Sales Representative
Virginia,Grant,vgrantmt@themeforest.net,,848 Maple Wood Court,7-(544)336-7395,Information Systems Manager
Nicholas,Lewis,nlewismu@printfriendly.com,,1361 Bluejay Trail,7-(316)644-2288,Software Test Engineer IV
Eric,Franklin,efranklinmv@imdb.com,,34139 Arkansas Road,51-(689)812-5575,VP Accounting
Angela,Edwards,aedwardsmw@tmall.com,,366 Milwaukee Road,256-(799)290-9050,Nurse
Bonnie,Kim,bkimmx@privacy.gov.au,,47 Dawn Road,63-(694)931-9715,Compensation Analyst
Brenda,Freeman,bfreemanmy@seattletimes.com,,329 Bunting Park,7-(977)744-4521,Registered Nurse
Peter,Green,pgreenmz@wikipedia.org,621 46,17994 Claremont Drive,46-(779)450-9880,Nurse
Richard,Fowler,rfowlern0@who.int,,12 Michigan Park,358-(635)655-0763,Physical Therapy Assistant
Paul,Coleman,pcolemann1@unblog.fr,,506 Fordem Road,86-(336)254-9741,Internal Auditor
Shirley,Taylor,staylorn2@mysql.com,,2291 Village Terrace,92-(204)239-6050,Payment Adjustment Coordinator
Kathy,Russell,krusselln3@google.com.hk,,49 Butternut Circle,86-(259)426-9438,Safety Technician II
Christina,Robertson,crobertsonn4@clickbank.net,,97002 Sage Crossing,62-(401)801-6048,Senior Cost Accountant
Theresa,Schmidt,tschmidtn5@qq.com,,877 Forest Run Crossing,255-(852)758-9620,Sales Representative
Sarah,Smith,ssmithn6@bizjournals.com,,35 Dottie Lane,86-(841)645-2054,Computer Systems Analyst I
Angela,Banks,abanksn7@biglobe.ne.jp,,68995 Spaight Place,994-(414)843-7743,Junior Executive
Dennis,Cooper,dcoopern8@pagesperso-orange.fr,,0990 Corry Court,81-(552)330-7554,Software Test Engineer III
Judy,Wagner,jwagnern9@soup.io,,0 Lakeland Drive,51-(393)163-3596,Geologist III
Robin,Coleman,rcolemanna@usatoday.com,,9 Mitchell Junction,63-(113)247-2183,Librarian
Adam,Ryan,aryannb@si.edu,74311 CEDEX,72 Karstens Junction,33-(391)559-4445,Analyst Programmer
Kenneth,Austin,kaustinnc@cargocollective.com,94972 CEDEX 9,47 Anthes Terrace,33-(760)811-4360,Occupational Therapist
Donna,Peters,dpetersnd@businessinsider.com,19125,322 Daystar Court,1-(215)468-2755,Design Engineer
Larry,Gonzales,lgonzalesne@vkontakte.ru,,1 Village Street,880-(576)133-5622,Research Nurse
Susan,Meyer,smeyernf@reverbnation.com,234 27,6 Summerview Circle,46-(761)639-6808,Associate Professor
Rose,Franklin,rfranklinng@t-online.de,,4237 Moose Drive,86-(911)953-0957,Actuary
Ann,Austin,aaustinnh@usatoday.com,293 93,72257 Prairie Rose Place,46-(154)405-8450,Nurse
Cheryl,Hughes,chughesni@a8.net,,73739 American Street,62-(726)589-3445,Budget/Accounting Analyst III
Jacqueline,Moore,jmoorenj@google.com.hk,,189 Summer Ridge Pass,63-(470)992-1034,Research Associate
Raymond,Lawrence,rlawrencenk@printfriendly.com,,5 Daystar Court,1-(469)510-6274,Business Systems Development Analyst
Eric,Harris,eharrisnl@addthis.com,,7776 Fallview Point,692-(123)875-0716,Sales Associate
Richard,Boyd,rboydnm@usa.gov,,753 Oakridge Place,967-(883)727-6521,Nuclear Power Engineer
Dorothy,Boyd,dboydnn@soup.io,,96 Almo Hill,356-(649)576-8518,Administrative Officer
Steve,Gibson,sgibsonno@dmoz.org,,3826 Emmet Junction,357-(541)223-7776,Nuclear Power Engineer
Gary,White,gwhitenp@cafepress.com,4415-761,367 Anderson Avenue,351-(251)192-9622,Occupational Therapist
Russell,Robinson,rrobinsonnq@blogtalkradio.com,,9477 Holy Cross Parkway,389-(803)168-1312,Electrical Engineer
Walter,Wells,wwellsnr@theguardian.com,,6329 Dennis Junction,55-(231)130-0146,Tax Accountant
Robin,Scott,rscottns@ox.ac.uk,,44929 Glacier Hill Crossing,86-(153)754-0757,Environmental Tech
Jennifer,Jordan,jjordannt@miitbeian.gov.cn,,39 Burrows Road,64-(671)145-6115,Chemical Engineer
Lori,Porter,lporternu@unblog.fr,331 85,9763 Mallard Pass,46-(759)346-1620,Nurse
Diane,Lawrence,dlawrencenv@storify.com,,853 Ridge Oak Junction,86-(144)437-8729,Associate Professor
Mary,Ray,mraynw@jugem.jp,,02 Becker Parkway,63-(192)898-9373,Human Resources Manager
Lois,Burke,lburkenx@theguardian.com,,5151 Kingsford Junction,82-(279)667-5971,VP Sales
Paula,Stone,pstoneny@nyu.edu,,53932 Basil Trail,54-(116)397-1277,Recruiter
James,Black,jblacknz@macromedia.com,9730,09 Mandrake Trail,31-(794)542-3985,Office Assistant IV
Cynthia,Kim,ckimo0@booking.com,281002,38 Main Way,91-(665)527-3322,Editor
Jimmy,Austin,jaustino1@europa.eu,,4196 North Street,374-(543)641-8613,Financial Analyst
Debra,Chapman,dchapmano2@ycombinator.com,4605-410,3 Village Road,351-(722)675-1150,Paralegal
Elizabeth,Hamilton,ehamiltono3@yale.edu,,15 Drewry Street,7-(647)647-7493,Programmer Analyst IV
Billy,Rodriguez,brodriguezo4@microsoft.com,,38 Crowley Avenue,30-(668)328-5634,Junior Executive
Evelyn,Simpson,esimpsono5@indiegogo.com,,5 Haas Street,504-(328)538-3498,Tax Accountant
Patrick,Gonzalez,pgonzalezo6@mediafire.com,,12243 Mifflin Hill,86-(371)507-3493,VP Sales
Tina,Hawkins,thawkinso7@twitter.com,,84847 Doe Crossing Street,86-(445)267-6748,Cost Accountant
Roger,Morris,rmorriso8@nymag.com,,6373 Schmedeman Plaza,62-(755)798-8978,Geological Engineer
Kathy,Austin,kaustino9@blogger.com,,695 Ridgeway Court,995-(662)652-3391,Paralegal
Diana,Medina,dmedinaoa@webeden.co.uk,,1 Shopko Plaza,1-(260)404-0288,Senior Developer
Diana,Edwards,dedwardsob@ftc.gov,,72806 Pond Street,48-(220)272-6968,VP Sales
Nicholas,Cole,ncoleoc@mozilla.org,,7 Leroy Avenue,55-(304)307-1746,Analyst Programmer
Diane,Williams,dwilliamsod@cloudflare.com,,2962 Duke Street,356-(627)147-1943,Environmental Tech
Phillip,Harrison,pharrisonoe@illinois.edu,,7 Grasskamp Circle,62-(795)832-4581,VP Quality Control
Lois,Ramirez,lramirezof@studiopress.com,,5 Dawn Plaza,81-(726)702-1410,Electrical Engineer
Christine,Lee,cleeog@networkadvertising.org,,65 Ohio Park,62-(363)579-3710,Sales Associate
Amanda,Duncan,aduncanoh@shareasale.com,,60 Troy Plaza,7-(913)190-1479,Systems Administrator II
Raymond,Graham,rgrahamoi@networksolutions.com,,68927 Waubesa Place,261-(611)400-1748,Project Manager
Jean,Porter,jporteroj@networksolutions.com,,3723 Duke Way,380-(201)918-3150,Payment Adjustment Coordinator
Christopher,Collins,ccollinsok@telegraph.co.uk,,9 Continental Junction,62-(291)924-8989,Senior Sales Associate
Carl,Moreno,cmorenool@unblog.fr,37142,32338 Erie Junction,39-(419)313-3224,Quality Engineer
Steve,Medina,smedinaom@fotki.com,,50 Logan Park,51-(297)564-2494,Registered Nurse
Jose,Mason,jmasonon@ed.gov,,54994 Express Court,48-(308)437-2617,Environmental Specialist
Norma,Warren,nwarrenoo@parallels.com,,462 Old Gate Lane,7-(774)941-7329,Programmer III
Wayne,Williamson,wwilliamsonop@vistaprint.com,,58 Emmet Alley,86-(739)658-7941,Business Systems Development Analyst
Mary,Miller,mmilleroq@dropbox.com,,87658 Warner Center,55-(596)790-6494,Health Coach III
Aaron,Fisher,afisheror@ameblo.jp,,3 Oak Alley,62-(382)608-2874,Software Engineer II
Carol,Carpenter,ccarpenteros@baidu.com,7960-115,6 East Junction,351-(523)344-0454,Project Manager
Janet,Powell,jpowellot@apple.com,,5 Banding Road,86-(542)665-2825,Marketing Assistant
Brian,Allen,ballenou@answers.com,,541 Summerview Avenue,62-(827)960-7418,VP Marketing
Donald,Burns,dburnsov@europa.eu,,671 Hudson Plaza,86-(849)535-9733,Chemical Engineer
Chris,Alexander,calexanderow@xinhuanet.com,,669 Erie Court,86-(486)348-1085,Staff Scientist
Theresa,Wagner,twagnerox@tumblr.com,,68 La Follette Parkway,63-(279)527-6585,Accountant IV
Juan,Brown,jbrownoy@examiner.com,,9 Stoughton Crossing,86-(882)730-6125,Chemical Engineer
Harold,Rogers,hrogersoz@alexa.com,6090-215,8376 3rd Plaza,351-(636)733-2612,Associate Professor
John,Morris,jmorrisp0@sina.com.cn,,856 Caliangt Hill,51-(124)530-7385,Structural Engineer
Kathryn,Rodriguez,krodriguezp1@umn.edu,734 91,404 High Crossing Terrace,46-(602)649-4202,Civil Engineer
Jeffrey,Tucker,jtuckerp2@boston.com,739 30,586 Express Street,46-(594)296-7425,Senior Financial Analyst
Emily,Meyer,emeyerp3@prweb.com,92974 CEDEX,2900 Loomis Hill,33-(291)455-6643,Legal Assistant
Kelly,Andrews,kandrewsp4@ask.com,2435-091,8827 Golf Course Junction,351-(359)756-4905,Accountant III
Angela,Morgan,amorganp5@tinypic.com,,918 Canary Crossing,218-(170)183-0890,Account Representative IV
Norma,Lee,nleep6@lycos.com,,5913 Lyons Drive,7-(509)213-7385,VP Product Management
Linda,Hall,lhallp7@amazonaws.com,,2071 Gateway Terrace,7-(608)924-3937,Biostatistician IV
Donna,Little,dlittlep8@vimeo.com,,20 Florence Parkway,62-(489)577-5800,Teacher
Jason,Holmes,jholmesp9@answers.com,,113 Shopko Place,62-(921)800-8345,Senior Quality Engineer
Tina,Woods,twoodspa@nyu.edu,,636 Vera Park,62-(675)656-9272,Recruiter
Eric,Barnes,ebarnespb@archive.org,,807 Boyd Street,355-(279)736-1176,Graphic Designer
Gerald,Fisher,gfisherpc@t.co,,31 Ryan Plaza,27-(622)150-9044,Senior Developer
Denise,Matthews,dmatthewspd@1688.com,,9004 Straubel Center,66-(630)544-9054,Environmental Tech
Johnny,Sanchez,jsanchezpe@umn.edu,,0 Johnson Junction,86-(766)762-5778,Computer Systems Analyst IV
Kevin,Stephens,kstephenspf@google.com,,28182 Melrose Junction,63-(660)187-3321,Geological Engineer
Melissa,Reynolds,mreynoldspg@wikispaces.com,,11131 Namekagon Trail,212-(305)432-7251,Teacher
Jimmy,Duncan,jduncanph@ocn.ne.jp,4809,2 Charing Cross Parkway,31-(310)402-7135,Office Assistant III
Carol,Rivera,criverapi@storify.com,,0 Graedel Lane,385-(693)281-9477,Engineer III
Timothy,Gibson,tgibsonpj@bluehost.com,,042 Wayridge Avenue,63-(312)320-5312,Librarian
Deborah,West,dwestpk@reverbnation.com,,391 Transport Parkway,86-(917)494-6305,Financial Advisor
Susan,Scott,sscottpl@yahoo.com,,639 Banding Circle,86-(736)925-7646,Geologist IV
Keith,Howell,khowellpm@ox.ac.uk,,7051 Sutherland Court,86-(230)751-3648,Electrical Engineer
Howard,Hart,hhartpn@google.ru,43605,83081 School Hill,1-(419)793-8555,Software Consultant
Anne,Gomez,agomezpo@desdev.cn,,6600 Waubesa Street,93-(743)389-6817,Staff Accountant II
Philip,Robertson,probertsonpp@privacy.gov.au,50902,721 5th Drive,60-(939)925-9736,Computer Systems Analyst IV
Adam,Morgan,amorganpq@usda.gov,,05135 Darwin Street,27-(963)921-2911,GIS Technical Architect
Jeremy,Taylor,jtaylorpr@mail.ru,7630-305,1 Cambridge Plaza,351-(174)104-1905,Web Developer II
Janet,Alvarez,jalvarezps@is.gd,,2 Monterey Street,7-(819)870-2479,Account Executive
Kathy,Willis,kwillispt@jugem.jp,,380 Westport Way,387-(884)701-8798,Accounting Assistant IV
Martin,Nelson,mnelsonpu@twitter.com,,54120 Nobel Parkway,86-(454)566-0099,Operator
Philip,Gardner,pgardnerpv@scientificamerican.com,,63 Norway Maple Avenue,51-(860)779-6700,Nurse Practicioner
Linda,Morrison,lmorrisonpw@php.net,,0 Montana Junction,86-(393)667-9548,Editor
David,Ward,dwardpx@creativecommons.org,,50203 Arrowood Avenue,54-(693)395-2438,Research Assistant III
Michael,Jackson,mjacksonpy@blogger.com,,82 Debs Plaza,20-(412)495-1000,Director of Sales
Angela,Perkins,aperkinspz@mozilla.org,,3712 Lyons Center,372-(867)659-7171,Analyst Programmer
Susan,Coleman,scolemanq0@addtoany.com,,59 Village Plaza,963-(458)309-8766,Dental Hygienist
Christina,Ortiz,cortizq1@paypal.com,,0 Marquette Point,221-(428)891-2643,Computer Systems Analyst II
Wanda,Grant,wgrantq2@instagram.com,,76766 Ronald Regan Court,86-(565)169-2672,Web Developer III
Juan,Marshall,jmarshallq3@typepad.com,,4 Hermina Lane,30-(685)963-7494,Compensation Analyst
Todd,Stone,tstoneq4@google.com.au,,35 Anhalt Street,86-(111)795-1966,Health Coach I
Jessica,Knight,jknightq5@reverbnation.com,67080 CEDEX,8 Utah Junction,33-(429)247-1141,Senior Sales Associate
Kenneth,Grant,kgrantq6@mediafire.com,,89655 Sloan Avenue,509-(550)264-5930,Staff Accountant II
Eugene,Ruiz,eruizq7@ox.ac.uk,,72268 Portage Alley,86-(221)879-4711,Senior Quality Engineer
Debra,Greene,dgreeneq8@paginegialle.it,,79 Hintze Road,55-(701)855-1010,Chemical Engineer
Anna,Hudson,ahudsonq9@irs.gov,,843 Lakeland Trail,62-(267)651-0860,Occupational Therapist
Gregory,Ford,gfordqa@wunderground.com,585 97,62 Ramsey Parkway,46-(298)644-8055,Computer Systems Analyst III
Edward,Clark,eclarkqb@blogger.com,,06 Village Road,86-(273)955-0969,Financial Advisor
Shawn,Bryant,sbryantqc@si.edu,,92531 Erie Trail,48-(365)541-0339,Recruiting Manager
Mark,Williams,mwilliamsqd@aboutads.info,,171 Mayfield Court,86-(159)218-3323,Assistant Media Planner
Linda,Patterson,lpattersonqe@newsvine.com,,82 Hooker Road,86-(205)333-8416,Recruiting Manager
Tina,Rivera,triveraqf@wisc.edu,,66 Pawling Hill,48-(124)491-8090,Software Consultant
James,Coleman,jcolemanqg@amazonaws.com,,387 Ryan Place,86-(470)957-2805,Social Worker
Kimberly,Woods,kwoodsqh@home.pl,,816 Fairview Street,420-(926)323-5052,Human Resources Manager
Victor,Barnes,vbarnesqi@meetup.com,,4 Merchant Crossing,55-(362)758-5454,Sales Associate
Mary,Oliver,moliverqj@google.fr,,98773 Karstens Trail,93-(751)478-6614,Food Chemist
Deborah,Cunningham,dcunninghamqk@ovh.net,,026 Northfield Lane,389-(836)155-5762,Marketing Assistant
Shirley,Long,slongql@mac.com,,684 Buena Vista Way,86-(638)940-2704,Pharmacist
Theresa,Johnston,tjohnstonqm@behance.net,,4971 Farragut Street,963-(831)474-3694,Structural Analysis Engineer
Philip,White,pwhiteqn@unc.edu,,7666 Garrison Pass,229-(421)456-3769,VP Marketing
Doris,Lawrence,dlawrenceqo@blogger.com,,964 Elmside Parkway,54-(723)416-0819,Environmental Specialist
Matthew,Washington,mwashingtonqp@drupal.org,40025 CEDEX,260 Pierstorff Terrace,33-(991)365-9618,Sales Representative
Carolyn,Rodriguez,crodriguezqq@weebly.com,,4 Warner Circle,86-(743)471-4282,Research Associate
Jean,Morrison,jmorrisonqr@theglobeandmail.com,,6713 Monica Point,86-(261)655-6334,Editor
Steven,Reed,sreedqs@squarespace.com,,19 Spenser Point,86-(473)982-3322,Electrical Engineer
Richard,Cunningham,rcunninghamqt@mlb.com,,49 Dwight Place,86-(316)575-8597,Safety Technician I
Donna,Gonzales,dgonzalesqu@reuters.com,,7484 Brentwood Junction,86-(735)569-0705,Marketing Manager
Roy,Porter,rporterqv@goo.gl,,18473 Pankratz Center,62-(724)633-3231,Health Coach II
Diana,Rose,droseqw@dailymail.co.uk,,9876 Sullivan Plaza,86-(730)950-4887,Administrative Officer
Stephanie,Mason,smasonqx@is.gd,,1040 Granby Hill,51-(977)319-6755,Database Administrator III
Brenda,Rice,briceqy@si.edu,,79 Algoma Center,970-(764)213-4281,Design Engineer
Beverly,Hawkins,bhawkinsqz@mediafire.com,96980,27 Rutledge Lane,52-(751)320-2415,Research Associate
George,Butler,gbutlerr0@walmart.com,,66589 Paget Court,63-(423)545-4231,Legal Assistant
Todd,Thompson,tthompsonr1@state.tx.us,,3613 Knutson Street,358-(313)377-4145,Software Consultant
Daniel,Fernandez,dfernandezr2@cbc.ca,,3133 Lakewood Gardens Place,964-(546)261-3940,Payment Adjustment Coordinator
Gloria,Franklin,gfranklinr3@google.com.hk,,6312 Burrows Street,53-(413)686-6365,Office Assistant I
Lori,Hughes,lhughesr4@tripod.com,,156 Walton Point,420-(950)398-7535,Assistant Professor
Heather,Sims,hsimsr5@ted.com,,5 Karstens Drive,86-(348)224-4960,Assistant Media Planner
Karen,Perez,kperezr6@weather.com,,82003 Summer Ridge Crossing,86-(216)926-9943,Research Nurse
Rebecca,Kelley,rkelleyr7@example.com,,9 Transport Lane,7-(193)803-6686,Geological Engineer
Anna,Torres,atorresr8@cmu.edu,,2850 Carpenter Center,86-(514)166-8898,Nurse Practicioner
Bonnie,Chapman,bchapmanr9@comcast.net,738 34,3729 1st Terrace,46-(943)182-1798,Help Desk Technician
Craig,Freeman,cfreemanra@indiatimes.com,,84772 Fair Oaks Lane,375-(871)276-6684,Pharmacist
Deborah,Olson,dolsonrb@networkadvertising.org,,73 John Wall Way,58-(457)809-7799,Senior Cost Accountant
Anthony,Black,ablackrc@moonfruit.com,,8275 Bay Place,62-(928)164-2951,Senior Editor
Patrick,Dunn,pdunnrd@yellowpages.com,,9 Surrey Alley,30-(351)661-2997,Software Test Engineer III
Marilyn,Marshall,mmarshallre@nps.gov,45310,50193 Parkside Drive,52-(276)599-9221,Financial Advisor
Anthony,Moore,amoorerf@360.cn,,6 Debra Court,389-(632)415-3899,Teacher
Amanda,Rivera,ariverarg@sciencedirect.com,,73590 Darwin Plaza,62-(892)465-2653,Administrative Assistant III
Terry,Flores,tfloresrh@ed.gov,,56 Kim Place,30-(187)441-8085,General Manager
Nicole,Anderson,nandersonri@nyu.edu,,395 Sherman Circle,86-(706)932-8542,Associate Professor
Lori,Coleman,lcolemanrj@epa.gov,,61 Tomscot Hill,81-(104)485-7551,Recruiting Manager
Mark,Morales,mmoralesrk@slideshare.net,691 41,36 Pawling Way,46-(553)847-4755,Environmental Tech
Kelly,Sims,ksimsrl@scribd.com,,9 Saint Paul Alley,63-(614)357-1301,Clinical Specialist
Beverly,Gilbert,bgilbertrm@marketwatch.com,,113 Crownhardt Place,86-(245)135-2848,Media Manager I
Adam,Hawkins,ahawkinsrn@reference.com,,6 Montana Park,420-(627)211-1315,Senior Quality Engineer
Karen,Foster,kfosterro@shareasale.com,,096 Truax Road,63-(937)725-0656,Senior Sales Associate
Patrick,Gray,pgrayrp@infoseek.co.jp,,3 Bunker Hill Crossing,55-(515)320-3259,Assistant Professor
Paula,Ramos,pramosrq@studiopress.com,,3 Briar Crest Alley,86-(131)327-4307,Statistician II
Diana,Ross,drossrr@tmall.com,60340,15 Mifflin Trail,52-(698)751-3232,Nurse Practicioner